Workbook

Sheet Inhaltsverzeichnis
A1: Wo soll's hingehen?
A4: Radio Hamburg | B4: 80er 90er OAHH | C4: ROCK ANTENNE Hamburg | D4: MORE Hamburg-Kombi | E4: Hamburg-Kombi+ | F4: CARAVAN.fm | G4: RADIO BOLLERWAGEN | H4: radio ffn
A5: Preise | B5: Preise | C5: Preise | D5: Preise | E5: Preise | F5: Preise | G5: Preise | H5: Preise
A6: Planer | B6: Planer | C6: Planer | D6: Planer | E6: Planer | F6: Planer | G6: Planer | H6: Planer

Sheet Preise RHH
A1: Preise 2026 (gültig ab 1. Januar 2026) | E1: Bitte Wochentag und Zeitschine per Dropdown auswählen. Anzahl der Spots, Sekundenlänge und ggf. Rabatte eingeben
E2: Berechnung | P2: Spotlängenbonus | T2: Index
E3: Wochentag | F3: Zeitschiene | G3: Anzahl Spots | H3: Invesition pro Spot | I3: Gesamtinvestition | J3: Abzgl. Cash-Rabatt | K3: Abzgl. 15%AE | L3: N/N Invest | M3: kummulierter Rabatt | N3: Payfaktor | P3: 1 | Q3: - | R3: 15 | S3: Sekunden | T3: 110
E4: Mo-So | F4: ø 10-24 | H4: =IF($E$4=$J$11,VLOOKUP($F$4,$A$37:$K$78,11,0),IF($E$4=$H$11,VLOOKUP($F$4,$A$37:$K$78,9,0),IF($E$4=$F$11,VLOOKUP($F$4,$A$37:$K$78,7,0),IF($E$4=$D$11,VLOOKUP($F$4,$A$37:$K$78,5,0),IF($E$4=$B$11,VLOOKUP($F$4,$A$37:$K$78,3,0)))))) -> 411.42857 | I4: =H4*G4 -> 0 | L4: =(I4-(I4*J4))-(I4-(I4*J4))*K4 -> 0 | M4: =1-L4/I4 -> #DIV/0! | N4: =(1-M4)*100 -> #DIV/0! | P4: 16 | Q4: - | R4: 24 | S4: Sekunden | T4: 105
E5: Mo-Fr | F5: ø 06-18 | H5: =IF($E$5=$J$11,VLOOKUP($F$5,$A$37:$K$78,11,0),IF($E$5=$H$11,VLOOKUP($F$5,$A$37:$K$78,9,0),IF($E$5=$F$11,VLOOKUP($F$5,$A$37:$K$78,7,0),IF($E$5=$D$11,VLOOKUP($F$5,$A$37:$K$78,5,0),IF($E$5=$B$11,VLOOKUP($F$5,$A$37:$K$78,3,0)))))) -> 798 | I5: =H5*G5 -> 0 | L5: =(I5-(I5*J5))-(I5-(I5*J5))*K5 -> 0 | M5: =1-L5/I5 -> #DIV/0! | N5: =(1-M5)*100 -> #DIV/0! | P5: 25 | Q5: - | R5: 34 | S5: Sekunden | T5: 100
E6: Mo-Fr | F6: ø 06-18 | H6: =IF($E$6=$J$11,VLOOKUP($F$6,$A$37:$K$78,11,0),IF($E$6=$H$11,VLOOKUP($F$6,$A$37:$K$78,9,0),IF($E$6=$F$11,VLOOKUP($F$6,$A$37:$K$78,7,0),IF($E$6=$D$11,VLOOKUP($F$6,$A$37:$K$78,5,0),IF($E$6=$B$11,VLOOKUP($F$6,$A$37:$K$78,3,0)))))) -> 798 | I6: =H6*G6 -> 0 | L6: =(I6-(I6*J6))-(I6-(I6*J6))*K6 -> 0 | M6: =1-L6/I6 -> #DIV/0! | N6: =(1-M6)*100 -> #DIV/0! | P6: 35 | Q6: - | R6: 99 | S6: Sekunden | T6: 95
A7: Sekundenlänge: | C7: 20 | E7: Mo-Fr | F7: ø 06-18 | H7: =IF($E$7=$J$11,VLOOKUP($F$7,$A$37:$K$78,11,0),IF($E$7=$H$11,VLOOKUP($F$7,$A$37:$K$78,9,0),IF($E$7=$F$11,VLOOKUP($F$7,$A$37:$K$78,7,0),IF($E$7=$D$11,VLOOKUP($F$7,$A$37:$K$78,5,0),IF($E$7=$B$11,VLOOKUP($F$7,$A$37:$K$78,3,0)))))) -> 798 | I7: =H7*G7 -> 0 | L7: =(I7-(I7*J7))-(I7-(I7*J7))*K7 -> 0 | M7: =1-L7/I7 -> #DIV/0! | N7: =(1-M7)*100 -> #DIV/0!
A8: Single-Spot max 45 Sek. Berechnung: Länge + 50% | L8: =SUM(L4:L7) -> 0
A9: Erst-Letzt-Platzierung Berechnung: Länge + 30%
A10: SPOTPREIS
B11: Mo-Fr | D11: Sa | F11: So | H11: MO-SA | J11: MO-SO
A12: ZEITSCHIENE | B12: €/SEK. (Index 100) | C12: €/SPOT | D12: €/SEK. (Index 100) | E12: €/SPOT | F12: €/SEK. (Index 100) | G12: €/SPOT | H12: €/SEK. (Index 100) | I12: €/SPOT | J12: €/SEK. (Index 100) | K12: €/SPOT
A13: 0-1 | B13: 1 | C13: =IF(AND($C$7>=$P$5,$C$7<=$R$5),B13*$C$7*$T$5/100,IF(AND($C$7>=$P$4,$C$7<=$R$4),B13*$C$7*$T$4/100,IF(AND($C$7>=$P$3,$C$7<=$R$3),B13*$C$7*$T$3/100,IF($C$7>=$P$6,B13*$C$7*$T$6/100)))) -> 21 | D13: 1 | E13: =IF(AND($C$7>=$P$5,$C$7<=$R$5),D13*$C$7*$T$5/100,IF(AND($C$7>=$P$4,$C$7<=$R$4),D13*$C$7*$T$4/100,IF(AND($C$7>=$P$3,$C$7<=$R$3),D13*$C$7*$T$3/100,IF($C$7>=$P$6,D13*$C$7*$T$6/100)))) -> 21 | F13: 1 | G13: =IF(AND($C$7>=$P$5,$C$7<=$R$5),F13*$C$7*$T$5/100,IF(AND($C$7>=$P$4,$C$7<=$R$4),F13*$C$7*$T$4/100,IF(AND($C$7>=$P$3,$C$7<=$R$3),F13*$C$7*$T$3/100,IF($C$7>=$P$6,F13*$C$7*$T$6/100)))) -> 21 | H13: =((B13*5)+D13)/6 -> 1 | I13: =IF(AND($C$7>=$P$5,$C$7<=$R$5),H13*$C$7*$T$5/100,IF(AND($C$7>=$P$4,$C$7<=$R$4),H13*$C$7*$T$4/100,IF(AND($C$7>=$P$3,$C$7<=$R$3),H13*$C$7*$T$3/100,IF($C$7>=$P$6,H13*$C$7*$T$6/100)))) -> 21 | J13: =((B13*5)+D13+F13)/7 -> 1 | K13: =IF(AND($C$7>=$P$5,$C$7<=$R$5),J13*$C$7*$T$5/100,IF(AND($C$7>=$P$4,$C$7<=$R$4),J13*$C$7*$T$4/100,IF(AND($C$7>=$P$3,$C$7<=$R$3),J13*$C$7*$T$3/100,IF($C$7>=$P$6,J13*$C$7*$T$6/100)))) -> 21
A14: 1-2 | B14: 1 | C14: =IF(AND($C$7>=$P$5,$C$7<=$R$5),B14*$C$7*$T$5/100,IF(AND($C$7>=$P$4,$C$7<=$R$4),B14*$C$7*$T$4/100,IF(AND($C$7>=$P$3,$C$7<=$R$3),B14*$C$7*$T$3/100,IF($C$7>=$P$6,B14*$C$7*$T$6/100)))) -> 21 | D14: 1 | E14: =IF(AND($C$7>=$P$5,$C$7<=$R$5),D14*$C$7*$T$5/100,IF(AND($C$7>=$P$4,$C$7<=$R$4),D14*$C$7*$T$4/100,IF(AND($C$7>=$P$3,$C$7<=$R$3),D14*$C$7*$T$3/100,IF($C$7>=$P$6,D14*$C$7*$T$6/100)))) -> 21 | F14: 1 | G14: =IF(AND($C$7>=$P$5,$C$7<=$R$5),F14*$C$7*$T$5/100,IF(AND($C$7>=$P$4,$C$7<=$R$4),F14*$C$7*$T$4/100,IF(AND($C$7>=$P$3,$C$7<=$R$3),F14*$C$7*$T$3/100,IF($C$7>=$P$6,F14*$C$7*$T$6/100)))) -> 21 | H14: =((B14*5)+D14)/6 -> 1 | I14: =IF(AND($C$7>=$P$5,$C$7<=$R$5),H14*$C$7*$T$5/100,IF(AND($C$7>=$P$4,$C$7<=$R$4),H14*$C$7*$T$4/100,IF(AND($C$7>=$P$3,$C$7<=$R$3),H14*$C$7*$T$3/100,IF($C$7>=$P$6,H14*$C$7*$T$6/100)))) -> 21 | J14: =((B14*5)+D14+F14)/7 -> 1 | K14: =IF(AND($C$7>=$P$5,$C$7<=$R$5),J14*$C$7*$T$5/100,IF(AND($C$7>=$P$4,$C$7<=$R$4),J14*$C$7*$T$4/100,IF(AND($C$7>=$P$3,$C$7<=$R$3),J14*$C$7*$T$3/100,IF($C$7>=$P$6,J14*$C$7*$T$6/100)))) -> 21
A15: 2-3 | B15: 1 | C15: =IF(AND($C$7>=$P$5,$C$7<=$R$5),B15*$C$7*$T$5/100,IF(AND($C$7>=$P$4,$C$7<=$R$4),B15*$C$7*$T$4/100,IF(AND($C$7>=$P$3,$C$7<=$R$3),B15*$C$7*$T$3/100,IF($C$7>=$P$6,B15*$C$7*$T$6/100)))) -> 21 | D15: 1 | E15: =IF(AND($C$7>=$P$5,$C$7<=$R$5),D15*$C$7*$T$5/100,IF(AND($C$7>=$P$4,$C$7<=$R$4),D15*$C$7*$T$4/100,IF(AND($C$7>=$P$3,$C$7<=$R$3),D15*$C$7*$T$3/100,IF($C$7>=$P$6,D15*$C$7*$T$6/100)))) -> 21 | F15: 1 | G15: =IF(AND($C$7>=$P$5,$C$7<=$R$5),F15*$C$7*$T$5/100,IF(AND($C$7>=$P$4,$C$7<=$R$4),F15*$C$7*$T$4/100,IF(AND($C$7>=$P$3,$C$7<=$R$3),F15*$C$7*$T$3/100,IF($C$7>=$P$6,F15*$C$7*$T$6/100)))) -> 21 | H15: =((B15*5)+D15)/6 -> 1 | I15: =IF(AND($C$7>=$P$5,$C$7<=$R$5),H15*$C$7*$T$5/100,IF(AND($C$7>=$P$4,$C$7<=$R$4),H15*$C$7*$T$4/100,IF(AND($C$7>=$P$3,$C$7<=$R$3),H15*$C$7*$T$3/100,IF($C$7>=$P$6,H15*$C$7*$T$6/100)))) -> 21 | J15: =((B15*5)+D15+F15)/7 -> 1 | K15: =IF(AND($C$7>=$P$5,$C$7<=$R$5),J15*$C$7*$T$5/100,IF(AND($C$7>=$P$4,$C$7<=$R$4),J15*$C$7*$T$4/100,IF(AND($C$7>=$P$3,$C$7<=$R$3),J15*$C$7*$T$3/100,IF($C$7>=$P$6,J15*$C$7*$T$6/100)))) -> 21
A16: 3-4 | B16: 1 | C16: =IF(AND($C$7>=$P$5,$C$7<=$R$5),B16*$C$7*$T$5/100,IF(AND($C$7>=$P$4,$C$7<=$R$4),B16*$C$7*$T$4/100,IF(AND($C$7>=$P$3,$C$7<=$R$3),B16*$C$7*$T$3/100,IF($C$7>=$P$6,B16*$C$7*$T$6/100)))) -> 21 | D16: 1 | E16: =IF(AND($C$7>=$P$5,$C$7<=$R$5),D16*$C$7*$T$5/100,IF(AND($C$7>=$P$4,$C$7<=$R$4),D16*$C$7*$T$4/100,IF(AND($C$7>=$P$3,$C$7<=$R$3),D16*$C$7*$T$3/100,IF($C$7>=$P$6,D16*$C$7*$T$6/100)))) -> 21 | F16: 1 | G16: =IF(AND($C$7>=$P$5,$C$7<=$R$5),F16*$C$7*$T$5/100,IF(AND($C$7>=$P$4,$C$7<=$R$4),F16*$C$7*$T$4/100,IF(AND($C$7>=$P$3,$C$7<=$R$3),F16*$C$7*$T$3/100,IF($C$7>=$P$6,F16*$C$7*$T$6/100)))) -> 21 | H16: =((B16*5)+D16)/6 -> 1 | I16: =IF(AND($C$7>=$P$5,$C$7<=$R$5),H16*$C$7*$T$5/100,IF(AND($C$7>=$P$4,$C$7<=$R$4),H16*$C$7*$T$4/100,IF(AND($C$7>=$P$3,$C$7<=$R$3),H16*$C$7*$T$3/100,IF($C$7>=$P$6,H16*$C$7*$T$6/100)))) -> 21 | J16: =((B16*5)+D16+F16)/7 -> 1 | K16: =IF(AND($C$7>=$P$5,$C$7<=$R$5),J16*$C$7*$T$5/100,IF(AND($C$7>=$P$4,$C$7<=$R$4),J16*$C$7*$T$4/100,IF(AND($C$7>=$P$3,$C$7<=$R$3),J16*$C$7*$T$3/100,IF($C$7>=$P$6,J16*$C$7*$T$6/100)))) -> 21
A17: 4-5 | B17: 1 | C17: =IF(AND($C$7>=$P$5,$C$7<=$R$5),B17*$C$7*$T$5/100,IF(AND($C$7>=$P$4,$C$7<=$R$4),B17*$C$7*$T$4/100,IF(AND($C$7>=$P$3,$C$7<=$R$3),B17*$C$7*$T$3/100,IF($C$7>=$P$6,B17*$C$7*$T$6/100)))) -> 21 | D17: 1 | E17: =IF(AND($C$7>=$P$5,$C$7<=$R$5),D17*$C$7*$T$5/100,IF(AND($C$7>=$P$4,$C$7<=$R$4),D17*$C$7*$T$4/100,IF(AND($C$7>=$P$3,$C$7<=$R$3),D17*$C$7*$T$3/100,IF($C$7>=$P$6,D17*$C$7*$T$6/100)))) -> 21 | F17: 1 | G17: =IF(AND($C$7>=$P$5,$C$7<=$R$5),F17*$C$7*$T$5/100,IF(AND($C$7>=$P$4,$C$7<=$R$4),F17*$C$7*$T$4/100,IF(AND($C$7>=$P$3,$C$7<=$R$3),F17*$C$7*$T$3/100,IF($C$7>=$P$6,F17*$C$7*$T$6/100)))) -> 21 | H17: =((B17*5)+D17)/6 -> 1 | I17: =IF(AND($C$7>=$P$5,$C$7<=$R$5),H17*$C$7*$T$5/100,IF(AND($C$7>=$P$4,$C$7<=$R$4),H17*$C$7*$T$4/100,IF(AND($C$7>=$P$3,$C$7<=$R$3),H17*$C$7*$T$3/100,IF($C$7>=$P$6,H17*$C$7*$T$6/100)))) -> 21 | J17: =((B17*5)+D17+F17)/7 -> 1 | K17: =IF(AND($C$7>=$P$5,$C$7<=$R$5),J17*$C$7*$T$5/100,IF(AND($C$7>=$P$4,$C$7<=$R$4),J17*$C$7*$T$4/100,IF(AND($C$7>=$P$3,$C$7<=$R$3),J17*$C$7*$T$3/100,IF($C$7>=$P$6,J17*$C$7*$T$6/100)))) -> 21
A18: 5-6 | B18: 13 | C18: =IF(AND($C$7>=$P$5,$C$7<=$R$5),B18*$C$7*$T$5/100,IF(AND($C$7>=$P$4,$C$7<=$R$4),B18*$C$7*$T$4/100,IF(AND($C$7>=$P$3,$C$7<=$R$3),B18*$C$7*$T$3/100,IF($C$7>=$P$6,B18*$C$7*$T$6/100)))) -> 273 | D18: 3 | E18: =IF(AND($C$7>=$P$5,$C$7<=$R$5),D18*$C$7*$T$5/100,IF(AND($C$7>=$P$4,$C$7<=$R$4),D18*$C$7*$T$4/100,IF(AND($C$7>=$P$3,$C$7<=$R$3),D18*$C$7*$T$3/100,IF($C$7>=$P$6,D18*$C$7*$T$6/100)))) -> 63 | F18: 3 | G18: =IF(AND($C$7>=$P$5,$C$7<=$R$5),F18*$C$7*$T$5/100,IF(AND($C$7>=$P$4,$C$7<=$R$4),F18*$C$7*$T$4/100,IF(AND($C$7>=$P$3,$C$7<=$R$3),F18*$C$7*$T$3/100,IF($C$7>=$P$6,F18*$C$7*$T$6/100)))) -> 63 | H18: =((B18*5)+D18)/6 -> 11.333333 | I18: =IF(AND($C$7>=$P$5,$C$7<=$R$5),H18*$C$7*$T$5/100,IF(AND($C$7>=$P$4,$C$7<=$R$4),H18*$C$7*$T$4/100,IF(AND($C$7>=$P$3,$C$7<=$R$3),H18*$C$7*$T$3/100,IF($C$7>=$P$6,H18*$C$7*$T$6/100)))) -> 238 | J18: =((B18*5)+D18+F18)/7 -> 10.142857 | K18: =IF(AND($C$7>=$P$5,$C$7<=$R$5),J18*$C$7*$T$5/100,IF(AND($C$7>=$P$4,$C$7<=$R$4),J18*$C$7*$T$4/100,IF(AND($C$7>=$P$3,$C$7<=$R$3),J18*$C$7*$T$3/100,IF($C$7>=$P$6,J18*$C$7*$T$6/100)))) -> 213
A19: 6-7 | B19: 48 | C19: =IF(AND($C$7>=$P$5,$C$7<=$R$5),B19*$C$7*$T$5/100,IF(AND($C$7>=$P$4,$C$7<=$R$4),B19*$C$7*$T$4/100,IF(AND($C$7>=$P$3,$C$7<=$R$3),B19*$C$7*$T$3/100,IF($C$7>=$P$6,B19*$C$7*$T$6/100)))) -> 1008 | D19: 13 | E19: =IF(AND($C$7>=$P$5,$C$7<=$R$5),D19*$C$7*$T$5/100,IF(AND($C$7>=$P$4,$C$7<=$R$4),D19*$C$7*$T$4/100,IF(AND($C$7>=$P$3,$C$7<=$R$3),D19*$C$7*$T$3/100,IF($C$7>=$P$6,D19*$C$7*$T$6/100)))) -> 273 | F19: 6 | G19: =IF(AND($C$7>=$P$5,$C$7<=$R$5),F19*$C$7*$T$5/100,IF(AND($C$7>=$P$4,$C$7<=$R$4),F19*$C$7*$T$4/100,IF(AND($C$7>=$P$3,$C$7<=$R$3),F19*$C$7*$T$3/100,IF($C$7>=$P$6,F19*$C$7*$T$6/100)))) -> 126 | H19: =((B19*5)+D19)/6 -> 42.166667 | I19: =IF(AND($C$7>=$P$5,$C$7<=$R$5),H19*$C$7*$T$5/100,IF(AND($C$7>=$P$4,$C$7<=$R$4),H19*$C$7*$T$4/100,IF(AND($C$7>=$P$3,$C$7<=$R$3),H19*$C$7*$T$3/100,IF($C$7>=$P$6,H19*$C$7*$T$6/100)))) -> 885.5 | J19: =((B19*5)+D19+F19)/7 -> 37 | K19: =IF(AND($C$7>=$P$5,$C$7<=$R$5),J19*$C$7*$T$5/100,IF(AND($C$7>=$P$4,$C$7<=$R$4),J19*$C$7*$T$4/100,IF(AND($C$7>=$P$3,$C$7<=$R$3),J19*$C$7*$T$3/100,IF($C$7>=$P$6,J19*$C$7*$T$6/100)))) -> 777
A20: 7-8 | B20: 67 | C20: =IF(AND($C$7>=$P$5,$C$7<=$R$5),B20*$C$7*$T$5/100,IF(AND($C$7>=$P$4,$C$7<=$R$4),B20*$C$7*$T$4/100,IF(AND($C$7>=$P$3,$C$7<=$R$3),B20*$C$7*$T$3/100,IF($C$7>=$P$6,B20*$C$7*$T$6/100)))) -> 1407 | D20: 40 | E20: =IF(AND($C$7>=$P$5,$C$7<=$R$5),D20*$C$7*$T$5/100,IF(AND($C$7>=$P$4,$C$7<=$R$4),D20*$C$7*$T$4/100,IF(AND($C$7>=$P$3,$C$7<=$R$3),D20*$C$7*$T$3/100,IF($C$7>=$P$6,D20*$C$7*$T$6/100)))) -> 840 | F20: 13 | G20: =IF(AND($C$7>=$P$5,$C$7<=$R$5),F20*$C$7*$T$5/100,IF(AND($C$7>=$P$4,$C$7<=$R$4),F20*$C$7*$T$4/100,IF(AND($C$7>=$P$3,$C$7<=$R$3),F20*$C$7*$T$3/100,IF($C$7>=$P$6,F20*$C$7*$T$6/100)))) -> 273 | H20: =((B20*5)+D20)/6 -> 62.5 | I20: =IF(AND($C$7>=$P$5,$C$7<=$R$5),H20*$C$7*$T$5/100,IF(AND($C$7>=$P$4,$C$7<=$R$4),H20*$C$7*$T$4/100,IF(AND($C$7>=$P$3,$C$7<=$R$3),H20*$C$7*$T$3/100,IF($C$7>=$P$6,H20*$C$7*$T$6/100)))) -> 1312.5 | J20: =((B20*5)+D20+F20)/7 -> 55.428571 | K20: =IF(AND($C$7>=$P$5,$C$7<=$R$5),J20*$C$7*$T$5/100,IF(AND($C$7>=$P$4,$C$7<=$R$4),J20*$C$7*$T$4/100,IF(AND($C$7>=$P$3,$C$7<=$R$3),J20*$C$7*$T$3/100,IF($C$7>=$P$6,J20*$C$7*$T$6/100)))) -> 1164
A21: 8-9 | B21: 56 | C21: =IF(AND($C$7>=$P$5,$C$7<=$R$5),B21*$C$7*$T$5/100,IF(AND($C$7>=$P$4,$C$7<=$R$4),B21*$C$7*$T$4/100,IF(AND($C$7>=$P$3,$C$7<=$R$3),B21*$C$7*$T$3/100,IF($C$7>=$P$6,B21*$C$7*$T$6/100)))) -> 1176 | D21: 53 | E21: =IF(AND($C$7>=$P$5,$C$7<=$R$5),D21*$C$7*$T$5/100,IF(AND($C$7>=$P$4,$C$7<=$R$4),D21*$C$7*$T$4/100,IF(AND($C$7>=$P$3,$C$7<=$R$3),D21*$C$7*$T$3/100,IF($C$7>=$P$6,D21*$C$7*$T$6/100)))) -> 1113 | F21: 35 | G21: =IF(AND($C$7>=$P$5,$C$7<=$R$5),F21*$C$7*$T$5/100,IF(AND($C$7>=$P$4,$C$7<=$R$4),F21*$C$7*$T$4/100,IF(AND($C$7>=$P$3,$C$7<=$R$3),F21*$C$7*$T$3/100,IF($C$7>=$P$6,F21*$C$7*$T$6/100)))) -> 735 | H21: =((B21*5)+D21)/6 -> 55.5 | I21: =IF(AND($C$7>=$P$5,$C$7<=$R$5),H21*$C$7*$T$5/100,IF(AND($C$7>=$P$4,$C$7<=$R$4),H21*$C$7*$T$4/100,IF(AND($C$7>=$P$3,$C$7<=$R$3),H21*$C$7*$T$3/100,IF($C$7>=$P$6,H21*$C$7*$T$6/100)))) -> 1165.5 | J21: =((B21*5)+D21+F21)/7 -> 52.571429 | K21: =IF(AND($C$7>=$P$5,$C$7<=$R$5),J21*$C$7*$T$5/100,IF(AND($C$7>=$P$4,$C$7<=$R$4),J21*$C$7*$T$4/100,IF(AND($C$7>=$P$3,$C$7<=$R$3),J21*$C$7*$T$3/100,IF($C$7>=$P$6,J21*$C$7*$T$6/100)))) -> 1104
A22: 9-10 | B22: 43 | C22: =IF(AND($C$7>=$P$5,$C$7<=$R$5),B22*$C$7*$T$5/100,IF(AND($C$7>=$P$4,$C$7<=$R$4),B22*$C$7*$T$4/100,IF(AND($C$7>=$P$3,$C$7<=$R$3),B22*$C$7*$T$3/100,IF($C$7>=$P$6,B22*$C$7*$T$6/100)))) -> 903 | D22: 66 | E22: =IF(AND($C$7>=$P$5,$C$7<=$R$5),D22*$C$7*$T$5/100,IF(AND($C$7>=$P$4,$C$7<=$R$4),D22*$C$7*$T$4/100,IF(AND($C$7>=$P$3,$C$7<=$R$3),D22*$C$7*$T$3/100,IF($C$7>=$P$6,D22*$C$7*$T$6/100)))) -> 1386 | F22: 53 | G22: =IF(AND($C$7>=$P$5,$C$7<=$R$5),F22*$C$7*$T$5/100,IF(AND($C$7>=$P$4,$C$7<=$R$4),F22*$C$7*$T$4/100,IF(AND($C$7>=$P$3,$C$7<=$R$3),F22*$C$7*$T$3/100,IF($C$7>=$P$6,F22*$C$7*$T$6/100)))) -> 1113 | H22: =((B22*5)+D22)/6 -> 46.833333 | I22: =IF(AND($C$7>=$P$5,$C$7<=$R$5),H22*$C$7*$T$5/100,IF(AND($C$7>=$P$4,$C$7<=$R$4),H22*$C$7*$T$4/100,IF(AND($C$7>=$P$3,$C$7<=$R$3),H22*$C$7*$T$3/100,IF($C$7>=$P$6,H22*$C$7*$T$6/100)))) -> 983.5 | J22: =((B22*5)+D22+F22)/7 -> 47.714286 | K22: =IF(AND($C$7>=$P$5,$C$7<=$R$5),J22*$C$7*$T$5/100,IF(AND($C$7>=$P$4,$C$7<=$R$4),J22*$C$7*$T$4/100,IF(AND($C$7>=$P$3,$C$7<=$R$3),J22*$C$7*$T$3/100,IF($C$7>=$P$6,J22*$C$7*$T$6/100)))) -> 1002
A23: 10-11 | B23: 31 | C23: =IF(AND($C$7>=$P$5,$C$7<=$R$5),B23*$C$7*$T$5/100,IF(AND($C$7>=$P$4,$C$7<=$R$4),B23*$C$7*$T$4/100,IF(AND($C$7>=$P$3,$C$7<=$R$3),B23*$C$7*$T$3/100,IF($C$7>=$P$6,B23*$C$7*$T$6/100)))) -> 651 | D23: 71 | E23: =IF(AND($C$7>=$P$5,$C$7<=$R$5),D23*$C$7*$T$5/100,IF(AND($C$7>=$P$4,$C$7<=$R$4),D23*$C$7*$T$4/100,IF(AND($C$7>=$P$3,$C$7<=$R$3),D23*$C$7*$T$3/100,IF($C$7>=$P$6,D23*$C$7*$T$6/100)))) -> 1491 | F23: 41 | G23: =IF(AND($C$7>=$P$5,$C$7<=$R$5),F23*$C$7*$T$5/100,IF(AND($C$7>=$P$4,$C$7<=$R$4),F23*$C$7*$T$4/100,IF(AND($C$7>=$P$3,$C$7<=$R$3),F23*$C$7*$T$3/100,IF($C$7>=$P$6,F23*$C$7*$T$6/100)))) -> 861 | H23: =((B23*5)+D23)/6 -> 37.666667 | I23: =IF(AND($C$7>=$P$5,$C$7<=$R$5),H23*$C$7*$T$5/100,IF(AND($C$7>=$P$4,$C$7<=$R$4),H23*$C$7*$T$4/100,IF(AND($C$7>=$P$3,$C$7<=$R$3),H23*$C$7*$T$3/100,IF($C$7>=$P$6,H23*$C$7*$T$6/100)))) -> 791 | J23: =((B23*5)+D23+F23)/7 -> 38.142857 | K23: =IF(AND($C$7>=$P$5,$C$7<=$R$5),J23*$C$7*$T$5/100,IF(AND($C$7>=$P$4,$C$7<=$R$4),J23*$C$7*$T$4/100,IF(AND($C$7>=$P$3,$C$7<=$R$3),J23*$C$7*$T$3/100,IF($C$7>=$P$6,J23*$C$7*$T$6/100)))) -> 801
A24: 11-12 | B24: 30 | C24: =IF(AND($C$7>=$P$5,$C$7<=$R$5),B24*$C$7*$T$5/100,IF(AND($C$7>=$P$4,$C$7<=$R$4),B24*$C$7*$T$4/100,IF(AND($C$7>=$P$3,$C$7<=$R$3),B24*$C$7*$T$3/100,IF($C$7>=$P$6,B24*$C$7*$T$6/100)))) -> 630 | D24: 38 | E24: =IF(AND($C$7>=$P$5,$C$7<=$R$5),D24*$C$7*$T$5/100,IF(AND($C$7>=$P$4,$C$7<=$R$4),D24*$C$7*$T$4/100,IF(AND($C$7>=$P$3,$C$7<=$R$3),D24*$C$7*$T$3/100,IF($C$7>=$P$6,D24*$C$7*$T$6/100)))) -> 798 | F24: 37 | G24: =IF(AND($C$7>=$P$5,$C$7<=$R$5),F24*$C$7*$T$5/100,IF(AND($C$7>=$P$4,$C$7<=$R$4),F24*$C$7*$T$4/100,IF(AND($C$7>=$P$3,$C$7<=$R$3),F24*$C$7*$T$3/100,IF($C$7>=$P$6,F24*$C$7*$T$6/100)))) -> 777 | H24: =((B24*5)+D24)/6 -> 31.333333 | I24: =IF(AND($C$7>=$P$5,$C$7<=$R$5),H24*$C$7*$T$5/100,IF(AND($C$7>=$P$4,$C$7<=$R$4),H24*$C$7*$T$4/100,IF(AND($C$7>=$P$3,$C$7<=$R$3),H24*$C$7*$T$3/100,IF($C$7>=$P$6,H24*$C$7*$T$6/100)))) -> 658 | J24: =((B24*5)+D24+F24)/7 -> 32.142857 | K24: =IF(AND($C$7>=$P$5,$C$7<=$R$5),J24*$C$7*$T$5/100,IF(AND($C$7>=$P$4,$C$7<=$R$4),J24*$C$7*$T$4/100,IF(AND($C$7>=$P$3,$C$7<=$R$3),J24*$C$7*$T$3/100,IF($C$7>=$P$6,J24*$C$7*$T$6/100)))) -> 675
... A35: 22-23 | B35: 2 | C35: =IF(AND($C$7>=$P$5,$C$7<=$R$5),B35*$C$7*$T$5/100,IF(AND($C$7>=$P$4,$C$7<=$R$4),B35*$C$7*$T$4/100,IF(AND($C$7>=$P$3,$C$7<=$R$3),B35*$C$7*$T$3/100,IF($C$7>=$P$6,B35*$C$7*$T$6/100)))) -> 42 | D35: 1 | E35: =IF(AND($C$7>=$P$5,$C$7<=$R$5),D35*$C$7*$T$5/100,IF(AND($C$7>=$P$4,$C$7<=$R$4),D35*$C$7*$T$4/100,IF(AND($C$7>=$P$3,$C$7<=$R$3),D35*$C$7*$T$3/100,IF($C$7>=$P$6,D35*$C$7*$T$6/100)))) -> 21 | F35: 1 | G35: =IF(AND($C$7>=$P$5,$C$7<=$R$5),F35*$C$7*$T$5/100,IF(AND($C$7>=$P$4,$C$7<=$R$4),F35*$C$7*$T$4/100,IF(AND($C$7>=$P$3,$C$7<=$R$3),F35*$C$7*$T$3/100,IF($C$7>=$P$6,F35*$C$7*$T$6/100)))) -> 21 | H35: =((B35*5)+D35)/6 -> 1.8333333 | I35: =IF(AND($C$7>=$P$5,$C$7<=$R$5),H35*$C$7*$T$5/100,IF(AND($C$7>=$P$4,$C$7<=$R$4),H35*$C$7*$T$4/100,IF(AND($C$7>=$P$3,$C$7<=$R$3),H35*$C$7*$T$3/100,IF($C$7>=$P$6,H35*$C$7*$T$6/100)))) -> 38.5 | J35: =((B35*5)+D35+F35)/7 -> 1.7142857 | K35: =IF(AND($C$7>=$P$5,$C$7<=$R$5),J35*$C$7*$T$5/100,IF(AND($C$7>=$P$4,$C$7<=$R$4),J35*$C$7*$T$4/100,IF(AND($C$7>=$P$3,$C$7<=$R$3),J35*$C$7*$T$3/100,IF($C$7>=$P$6,J35*$C$7*$T$6/100)))) -> 36
A36: 23-24 | B36: 2 | C36: =IF(AND($C$7>=$P$5,$C$7<=$R$5),B36*$C$7*$T$5/100,IF(AND($C$7>=$P$4,$C$7<=$R$4),B36*$C$7*$T$4/100,IF(AND($C$7>=$P$3,$C$7<=$R$3),B36*$C$7*$T$3/100,IF($C$7>=$P$6,B36*$C$7*$T$6/100)))) -> 42 | D36: 1 | E36: =IF(AND($C$7>=$P$5,$C$7<=$R$5),D36*$C$7*$T$5/100,IF(AND($C$7>=$P$4,$C$7<=$R$4),D36*$C$7*$T$4/100,IF(AND($C$7>=$P$3,$C$7<=$R$3),D36*$C$7*$T$3/100,IF($C$7>=$P$6,D36*$C$7*$T$6/100)))) -> 21 | F36: 1 | G36: =F36*$C$7 -> 20 | H36: =((B36*5)+D36)/6 -> 1.8333333 | I36: =IF(AND($C$7>=$P$5,$C$7<=$R$5),H36*$C$7*$T$5/100,IF(AND($C$7>=$P$4,$C$7<=$R$4),H36*$C$7*$T$4/100,IF(AND($C$7>=$P$3,$C$7<=$R$3),H36*$C$7*$T$3/100,IF($C$7>=$P$6,H36*$C$7*$T$6/100)))) -> 38.5 | J36: =((B36*5)+D36+F36)/7 -> 1.7142857 | K36: =IF(AND($C$7>=$P$5,$C$7<=$R$5),J36*$C$7*$T$5/100,IF(AND($C$7>=$P$4,$C$7<=$R$4),J36*$C$7*$T$4/100,IF(AND($C$7>=$P$3,$C$7<=$R$3),J36*$C$7*$T$3/100,IF($C$7>=$P$6,J36*$C$7*$T$6/100)))) -> 36
A37: ø 06-18 | B37: =SUM(B19:B30)/12 -> 38 | C37: =IF(AND($C$7>=$P$5,$C$7<=$R$5),B37*$C$7*$T$5/100,IF(AND($C$7>=$P$4,$C$7<=$R$4),B37*$C$7*$T$4/100,IF(AND($C$7>=$P$3,$C$7<=$R$3),B37*$C$7*$T$3/100,IF($C$7>=$P$6,B37*$C$7*$T$6/100)))) -> 798 | D37: =SUM(D19:D30)/12 -> 35 | E37: =IF(AND($C$7>=$P$5,$C$7<=$R$5),D37*$C$7*$T$5/100,IF(AND($C$7>=$P$4,$C$7<=$R$4),D37*$C$7*$T$4/100,IF(AND($C$7>=$P$3,$C$7<=$R$3),D37*$C$7*$T$3/100,IF($C$7>=$P$6,D37*$C$7*$T$6/100)))) -> 735 | F37: =SUM(F19:F30)/12 -> 25 | G37: =IF(AND($C$7>=$P$5,$C$7<=$R$5),F37*$C$7*$T$5/100,IF(AND($C$7>=$P$4,$C$7<=$R$4),F37*$C$7*$T$4/100,IF(AND($C$7>=$P$3,$C$7<=$R$3),F37*$C$7*$T$3/100,IF($C$7>=$P$6,F37*$C$7*$T$6/100)))) -> 525 | H37: =SUM(H19:H30)/12 -> 37.5 | I37: =((5*C37)+E37)/6 -> 787.5 | J37: =SUM(J19:J30)/12 -> 35.714286 | K37: =((5*C37)+E37+G37)/7 -> 750
A38: ø 05-10 | B38: =SUM(B18:B22)/5 -> 45.4 | C38: =IF(AND($C$7>=$P$5,$C$7<=$R$5),B38*$C$7*$T$5/100,IF(AND($C$7>=$P$4,$C$7<=$R$4),B38*$C$7*$T$4/100,IF(AND($C$7>=$P$3,$C$7<=$R$3),B38*$C$7*$T$3/100,IF($C$7>=$P$6,B38*$C$7*$T$6/100)))) -> 953.4 | D38: =SUM(D18:D22)/5 -> 35 | E38: =IF(AND($C$7>=$P$5,$C$7<=$R$5),D38*$C$7*$T$5/100,IF(AND($C$7>=$P$4,$C$7<=$R$4),D38*$C$7*$T$4/100,IF(AND($C$7>=$P$3,$C$7<=$R$3),D38*$C$7*$T$3/100,IF($C$7>=$P$6,D38*$C$7*$T$6/100)))) -> 735 | F38: =SUM(F18:F22)/5 -> 22 | G38: =IF(AND($C$7>=$P$5,$C$7<=$R$5),F38*$C$7*$T$5/100,IF(AND($C$7>=$P$4,$C$7<=$R$4),F38*$C$7*$T$4/100,IF(AND($C$7>=$P$3,$C$7<=$R$3),F38*$C$7*$T$3/100,IF($C$7>=$P$6,F38*$C$7*$T$6/100)))) -> 462 | H38: =SUM(H18:H22)/5 -> 43.666667 | I38: =((5*C38)+E38)/6 -> 917 | J38: =SUM(J18:J22)/5 -> 40.571429 | K38: =((5*C38)+E38+G38)/7 -> 852
A39: ø 05-22 | B39: =SUM(B18:B34)/17 -> 30.058824 | C39: =IF(AND($C$7>=$P$5,$C$7<=$R$5),B39*$C$7*$T$5/100,IF(AND($C$7>=$P$4,$C$7<=$R$4),B39*$C$7*$T$4/100,IF(AND($C$7>=$P$3,$C$7<=$R$3),B39*$C$7*$T$3/100,IF($C$7>=$P$6,B39*$C$7*$T$6/100)))) -> 631.23529 | D39: =SUM(D18:D34)/17 -> 25.941176 | E39: =IF(AND($C$7>=$P$5,$C$7<=$R$5),D39*$C$7*$T$5/100,IF(AND($C$7>=$P$4,$C$7<=$R$4),D39*$C$7*$T$4/100,IF(AND($C$7>=$P$3,$C$7<=$R$3),D39*$C$7*$T$3/100,IF($C$7>=$P$6,D39*$C$7*$T$6/100)))) -> 544.76471 | F39: =SUM(F18:F34)/17 -> 18.823529 | G39: =IF(AND($C$7>=$P$5,$C$7<=$R$5),F39*$C$7*$T$5/100,IF(AND($C$7>=$P$4,$C$7<=$R$4),F39*$C$7*$T$4/100,IF(AND($C$7>=$P$3,$C$7<=$R$3),F39*$C$7*$T$3/100,IF($C$7>=$P$6,F39*$C$7*$T$6/100)))) -> 395.29412 | H39: =SUM(H18:H34)/17 -> 29.372549 | I39: =((5*C39)+E39)/6 -> 616.82353 | J39: =SUM(J18:J34)/17 -> 27.865546 | K39: =((5*C39)+E39+G39)/7 -> 585.17647
A40: ø 05-24 | B40: =SUM(B18:B36)/19 -> 27.105263 | C40: =IF(AND($C$7>=$P$5,$C$7<=$R$5),B40*$C$7*$T$5/100,IF(AND($C$7>=$P$4,$C$7<=$R$4),B40*$C$7*$T$4/100,IF(AND($C$7>=$P$3,$C$7<=$R$3),B40*$C$7*$T$3/100,IF($C$7>=$P$6,B40*$C$7*$T$6/100)))) -> 569.21053 | D40: =SUM(D18:D36)/19 -> 23.315789 | E40: =IF(AND($C$7>=$P$5,$C$7<=$R$5),D40*$C$7*$T$5/100,IF(AND($C$7>=$P$4,$C$7<=$R$4),D40*$C$7*$T$4/100,IF(AND($C$7>=$P$3,$C$7<=$R$3),D40*$C$7*$T$3/100,IF($C$7>=$P$6,D40*$C$7*$T$6/100)))) -> 489.63158 | F40: =SUM(F18:F36)/19 -> 16.947368 | G40: =IF(AND($C$7>=$P$5,$C$7<=$R$5),F40*$C$7*$T$5/100,IF(AND($C$7>=$P$4,$C$7<=$R$4),F40*$C$7*$T$4/100,IF(AND($C$7>=$P$3,$C$7<=$R$3),F40*$C$7*$T$3/100,IF($C$7>=$P$6,F40*$C$7*$T$6/100)))) -> 355.89474 | H40: =SUM(H18:H36)/19 -> 26.473684 | I40: =((5*C40)+E40)/6 -> 555.94737 | J40: =SUM(J18:J36)/19 -> 25.112782 | K40: =((5*C40)+E40+G40)/7 -> 527.36842
A41: ø 06-09 | B41: =SUM(B19:B21)/3 -> 57 | C41: =IF(AND($C$7>=$P$5,$C$7<=$R$5),B41*$C$7*$T$5/100,IF(AND($C$7>=$P$4,$C$7<=$R$4),B41*$C$7*$T$4/100,IF(AND($C$7>=$P$3,$C$7<=$R$3),B41*$C$7*$T$3/100,IF($C$7>=$P$6,B41*$C$7*$T$6/100)))) -> 1197 | D41: =SUM(D19:D21)/3 -> 35.333333 | E41: =IF(AND($C$7>=$P$5,$C$7<=$R$5),D41*$C$7*$T$5/100,IF(AND($C$7>=$P$4,$C$7<=$R$4),D41*$C$7*$T$4/100,IF(AND($C$7>=$P$3,$C$7<=$R$3),D41*$C$7*$T$3/100,IF($C$7>=$P$6,D41*$C$7*$T$6/100)))) -> 742 | F41: =SUM(F19:F21)/3 -> 18 | G41: =IF(AND($C$7>=$P$5,$C$7<=$R$5),F41*$C$7*$T$5/100,IF(AND($C$7>=$P$4,$C$7<=$R$4),F41*$C$7*$T$4/100,IF(AND($C$7>=$P$3,$C$7<=$R$3),F41*$C$7*$T$3/100,IF($C$7>=$P$6,F41*$C$7*$T$6/100)))) -> 378 | H41: =SUM(H19:H21)/3 -> 53.388889 | I41: =((5*C41)+E41)/6 -> 1121.1667 | J41: =SUM(J19:J21)/3 -> 48.333333 | K41: =((5*C41)+E41+G41)/7 -> 1015
A42: ø 06-10 | B42: =SUM(B19:B22)/4 -> 53.5 | C42: =IF(AND($C$7>=$P$5,$C$7<=$R$5),B42*$C$7*$T$5/100,IF(AND($C$7>=$P$4,$C$7<=$R$4),B42*$C$7*$T$4/100,IF(AND($C$7>=$P$3,$C$7<=$R$3),B42*$C$7*$T$3/100,IF($C$7>=$P$6,B42*$C$7*$T$6/100)))) -> 1123.5 | D42: =SUM(D19:D22)/4 -> 43 | E42: =IF(AND($C$7>=$P$5,$C$7<=$R$5),D42*$C$7*$T$5/100,IF(AND($C$7>=$P$4,$C$7<=$R$4),D42*$C$7*$T$4/100,IF(AND($C$7>=$P$3,$C$7<=$R$3),D42*$C$7*$T$3/100,IF($C$7>=$P$6,D42*$C$7*$T$6/100)))) -> 903 | F42: =SUM(F19:F22)/4 -> 26.75 | G42: =IF(AND($C$7>=$P$5,$C$7<=$R$5),F42*$C$7*$T$5/100,IF(AND($C$7>=$P$4,$C$7<=$R$4),F42*$C$7*$T$4/100,IF(AND($C$7>=$P$3,$C$7<=$R$3),F42*$C$7*$T$3/100,IF($C$7>=$P$6,F42*$C$7*$T$6/100)))) -> 561.75 | H42: =SUM(H19:H22)/4 -> 51.75 | I42: =((5*C42)+E42)/6 -> 1086.75 | J42: =SUM(J19:J22)/4 -> 48.178571 | K42: =((5*C42)+E42+G42)/7 -> 1011.75
A43: ø 06-14 | B43: =SUM(B19:B26)/8 -> 41.875 | C43: =IF(AND($C$7>=$P$5,$C$7<=$R$5),B43*$C$7*$T$5/100,IF(AND($C$7>=$P$4,$C$7<=$R$4),B43*$C$7*$T$4/100,IF(AND($C$7>=$P$3,$C$7<=$R$3),B43*$C$7*$T$3/100,IF($C$7>=$P$6,B43*$C$7*$T$6/100)))) -> 879.375 | D43: =SUM(D19:D26)/8 -> 43 | E43: =IF(AND($C$7>=$P$5,$C$7<=$R$5),D43*$C$7*$T$5/100,IF(AND($C$7>=$P$4,$C$7<=$R$4),D43*$C$7*$T$4/100,IF(AND($C$7>=$P$3,$C$7<=$R$3),D43*$C$7*$T$3/100,IF($C$7>=$P$6,D43*$C$7*$T$6/100)))) -> 903 | F43: =SUM(F19:F26)/8 -> 28.25 | G43: =IF(AND($C$7>=$P$5,$C$7<=$R$5),F43*$C$7*$T$5/100,IF(AND($C$7>=$P$4,$C$7<=$R$4),F43*$C$7*$T$4/100,IF(AND($C$7>=$P$3,$C$7<=$R$3),F43*$C$7*$T$3/100,IF($C$7>=$P$6,F43*$C$7*$T$6/100)))) -> 593.25 | H43: =SUM(H19:H26)/8 -> 42.0625 | I43: =((5*C43)+E43)/6 -> 883.3125 | J43: =SUM(J19:J26)/8 -> 40.089286 | K43: =((5*C43)+E43+G43)/7 -> 841.875
A44: ø 06-19 | B44: =SUM(B19:B31)/13 -> 36.846154 | C44: =IF(AND($C$7>=$P$5,$C$7<=$R$5),B44*$C$7*$T$5/100,IF(AND($C$7>=$P$4,$C$7<=$R$4),B44*$C$7*$T$4/100,IF(AND($C$7>=$P$3,$C$7<=$R$3),B44*$C$7*$T$3/100,IF($C$7>=$P$6,B44*$C$7*$T$6/100)))) -> 773.76923 | D44: =SUM(D19:D31)/13 -> 33 | E44: =IF(AND($C$7>=$P$5,$C$7<=$R$5),D44*$C$7*$T$5/100,IF(AND($C$7>=$P$4,$C$7<=$R$4),D44*$C$7*$T$4/100,IF(AND($C$7>=$P$3,$C$7<=$R$3),D44*$C$7*$T$3/100,IF($C$7>=$P$6,D44*$C$7*$T$6/100)))) -> 693 | F44: =SUM(F19:F31)/13 -> 23.692308 | G44: =IF(AND($C$7>=$P$5,$C$7<=$R$5),F44*$C$7*$T$5/100,IF(AND($C$7>=$P$4,$C$7<=$R$4),F44*$C$7*$T$4/100,IF(AND($C$7>=$P$3,$C$7<=$R$3),F44*$C$7*$T$3/100,IF($C$7>=$P$6,F44*$C$7*$T$6/100)))) -> 497.53846 | H44: =SUM(H19:H31)/13 -> 36.205128 | I44: =((5*C44)+E44)/6 -> 760.30769 | J44: =SUM(J19:J31)/13 -> 34.417582 | K44: =((5*C44)+E44+G44)/7 -> 722.76923
A45: ø 06-20 | B45: =SUM(B19:B32)/14 -> 34.857143 | C45: =IF(AND($C$7>=$P$5,$C$7<=$R$5),B45*$C$7*$T$5/100,IF(AND($C$7>=$P$4,$C$7<=$R$4),B45*$C$7*$T$4/100,IF(AND($C$7>=$P$3,$C$7<=$R$3),B45*$C$7*$T$3/100,IF($C$7>=$P$6,B45*$C$7*$T$6/100)))) -> 732 | D45: =SUM(D19:D32)/14 -> 31.071429 | E45: =IF(AND($C$7>=$P$5,$C$7<=$R$5),D45*$C$7*$T$5/100,IF(AND($C$7>=$P$4,$C$7<=$R$4),D45*$C$7*$T$4/100,IF(AND($C$7>=$P$3,$C$7<=$R$3),D45*$C$7*$T$3/100,IF($C$7>=$P$6,D45*$C$7*$T$6/100)))) -> 652.5 | F45: =SUM(F19:F32)/14 -> 22.357143 | G45: =IF(AND($C$7>=$P$5,$C$7<=$R$5),F45*$C$7*$T$5/100,IF(AND($C$7>=$P$4,$C$7<=$R$4),F45*$C$7*$T$4/100,IF(AND($C$7>=$P$3,$C$7<=$R$3),F45*$C$7*$T$3/100,IF($C$7>=$P$6,F45*$C$7*$T$6/100)))) -> 469.5 | H45: =SUM(H19:H32)/14 -> 34.22619 | I45: =((5*C45)+E45)/6 -> 718.75 | J45: =SUM(J19:J32)/14 -> 32.530612 | K45: =((5*C45)+E45+G45)/7 -> 683.14286
A46: ø 06-22 | B46: =SUM(B19:B34)/16 -> 31.125 | C46: =IF(AND($C$7>=$P$5,$C$7<=$R$5),B46*$C$7*$T$5/100,IF(AND($C$7>=$P$4,$C$7<=$R$4),B46*$C$7*$T$4/100,IF(AND($C$7>=$P$3,$C$7<=$R$3),B46*$C$7*$T$3/100,IF($C$7>=$P$6,B46*$C$7*$T$6/100)))) -> 653.625 | D46: =SUM(D19:D34)/16 -> 27.375 | E46: =IF(AND($C$7>=$P$5,$C$7<=$R$5),D46*$C$7*$T$5/100,IF(AND($C$7>=$P$4,$C$7<=$R$4),D46*$C$7*$T$4/100,IF(AND($C$7>=$P$3,$C$7<=$R$3),D46*$C$7*$T$3/100,IF($C$7>=$P$6,D46*$C$7*$T$6/100)))) -> 574.875 | F46: =SUM(F19:F34)/16 -> 19.8125 | G46: =IF(AND($C$7>=$P$5,$C$7<=$R$5),F46*$C$7*$T$5/100,IF(AND($C$7>=$P$4,$C$7<=$R$4),F46*$C$7*$T$4/100,IF(AND($C$7>=$P$3,$C$7<=$R$3),F46*$C$7*$T$3/100,IF($C$7>=$P$6,F46*$C$7*$T$6/100)))) -> 416.0625 | H46: =SUM(H19:H34)/16 -> 30.5 | I46: =((5*C46)+E46)/6 -> 640.5 | J46: =SUM(J19:J34)/16 -> 28.973214 | K46: =((5*C46)+E46+G46)/7 -> 608.4375
A47: ø 06-24 | B47: =SUM(B19:B36)/18 -> 27.888889 | C47: =IF(AND($C$7>=$P$5,$C$7<=$R$5),B47*$C$7*$T$5/100,IF(AND($C$7>=$P$4,$C$7<=$R$4),B47*$C$7*$T$4/100,IF(AND($C$7>=$P$3,$C$7<=$R$3),B47*$C$7*$T$3/100,IF($C$7>=$P$6,B47*$C$7*$T$6/100)))) -> 585.66667 | D47: =SUM(D19:D36)/18 -> 24.444444 | E47: =IF(AND($C$7>=$P$5,$C$7<=$R$5),D47*$C$7*$T$5/100,IF(AND($C$7>=$P$4,$C$7<=$R$4),D47*$C$7*$T$4/100,IF(AND($C$7>=$P$3,$C$7<=$R$3),D47*$C$7*$T$3/100,IF($C$7>=$P$6,D47*$C$7*$T$6/100)))) -> 513.33333 | F47: =SUM(F19:F36)/18 -> 17.722222 | G47: =IF(AND($C$7>=$P$5,$C$7<=$R$5),F47*$C$7*$T$5/100,IF(AND($C$7>=$P$4,$C$7<=$R$4),F47*$C$7*$T$4/100,IF(AND($C$7>=$P$3,$C$7<=$R$3),F47*$C$7*$T$3/100,IF($C$7>=$P$6,F47*$C$7*$T$6/100)))) -> 372.16667 | H47: =SUM(H19:H36)/18 -> 27.314815 | I47: =((5*C47)+E47)/6 -> 573.61111 | J47: =SUM(J19:J36)/18 -> 25.944444 | K47: =((5*C47)+E47+G47)/7 -> 544.83333
A48: ø 07-24 | B48: =SUM(B20:B36)/17 -> 26.705882 | C48: =IF(AND($C$7>=$P$5,$C$7<=$R$5),B48*$C$7*$T$5/100,IF(AND($C$7>=$P$4,$C$7<=$R$4),B48*$C$7*$T$4/100,IF(AND($C$7>=$P$3,$C$7<=$R$3),B48*$C$7*$T$3/100,IF($C$7>=$P$6,B48*$C$7*$T$6/100)))) -> 560.82353 | D48: =SUM(D20:D36)/17 -> 25.117647 | E48: =IF(AND($C$7>=$P$5,$C$7<=$R$5),D48*$C$7*$T$5/100,IF(AND($C$7>=$P$4,$C$7<=$R$4),D48*$C$7*$T$4/100,IF(AND($C$7>=$P$3,$C$7<=$R$3),D48*$C$7*$T$3/100,IF($C$7>=$P$6,D48*$C$7*$T$6/100)))) -> 527.47059 | F48: =SUM(F20:F36)/17 -> 18.411765 | G48: =IF(AND($C$7>=$P$5,$C$7<=$R$5),F48*$C$7*$T$5/100,IF(AND($C$7>=$P$4,$C$7<=$R$4),F48*$C$7*$T$4/100,IF(AND($C$7>=$P$3,$C$7<=$R$3),F48*$C$7*$T$3/100,IF($C$7>=$P$6,F48*$C$7*$T$6/100)))) -> 386.64706 | H48: =SUM(H20:H36)/17 -> 26.441176 | I48: =((5*C48)+E48)/6 -> 555.26471 | J48: =SUM(J20:J36)/17 -> 25.294118 | K48: =((5*C48)+E48+G48)/7 -> 531.17647
A49: ø 08-13 | B49: =SUM(B21:B25)/5 -> 38 | C49: =IF(AND($C$7>=$P$5,$C$7<=$R$5),B49*$C$7*$T$5/100,IF(AND($C$7>=$P$4,$C$7<=$R$4),B49*$C$7*$T$4/100,IF(AND($C$7>=$P$3,$C$7<=$R$3),B49*$C$7*$T$3/100,IF($C$7>=$P$6,B49*$C$7*$T$6/100)))) -> 798 | D49: =SUM(D21:D25)/5 -> 53.2 | E49: =IF(AND($C$7>=$P$5,$C$7<=$R$5),D49*$C$7*$T$5/100,IF(AND($C$7>=$P$4,$C$7<=$R$4),D49*$C$7*$T$4/100,IF(AND($C$7>=$P$3,$C$7<=$R$3),D49*$C$7*$T$3/100,IF($C$7>=$P$6,D49*$C$7*$T$6/100)))) -> 1117.2 | F49: =SUM(F21:F25)/5 -> 37.8 | G49: =IF(AND($C$7>=$P$5,$C$7<=$R$5),F49*$C$7*$T$5/100,IF(AND($C$7>=$P$4,$C$7<=$R$4),F49*$C$7*$T$4/100,IF(AND($C$7>=$P$3,$C$7<=$R$3),F49*$C$7*$T$3/100,IF($C$7>=$P$6,F49*$C$7*$T$6/100)))) -> 793.8 | H49: =SUM(H21:H25)/5 -> 40.533333 | I49: =((5*C49)+E49)/6 -> 851.2 | J49: =SUM(J21:J25)/5 -> 40.142857 | K49: =((5*C49)+E49+G49)/7 -> 843
A50: ø 08-18 | B50: =SUM(B21:B30)/10 -> 34.1 | C50: =IF(AND($C$7>=$P$5,$C$7<=$R$5),B50*$C$7*$T$5/100,IF(AND($C$7>=$P$4,$C$7<=$R$4),B50*$C$7*$T$4/100,IF(AND($C$7>=$P$3,$C$7<=$R$3),B50*$C$7*$T$3/100,IF($C$7>=$P$6,B50*$C$7*$T$6/100)))) -> 716.1 | D50: =SUM(D21:D30)/10 -> 36.7 | E50: =IF(AND($C$7>=$P$5,$C$7<=$R$5),D50*$C$7*$T$5/100,IF(AND($C$7>=$P$4,$C$7<=$R$4),D50*$C$7*$T$4/100,IF(AND($C$7>=$P$3,$C$7<=$R$3),D50*$C$7*$T$3/100,IF($C$7>=$P$6,D50*$C$7*$T$6/100)))) -> 770.7 | F50: =SUM(F21:F30)/10 -> 28.1 | G50: =IF(AND($C$7>=$P$5,$C$7<=$R$5),F50*$C$7*$T$5/100,IF(AND($C$7>=$P$4,$C$7<=$R$4),F50*$C$7*$T$4/100,IF(AND($C$7>=$P$3,$C$7<=$R$3),F50*$C$7*$T$3/100,IF($C$7>=$P$6,F50*$C$7*$T$6/100)))) -> 590.1 | H50: =SUM(H21:H30)/10 -> 34.533333 | I50: =((5*C50)+E50)/6 -> 725.2 | J50: =SUM(J21:J30)/10 -> 33.614286 | K50: =((5*C50)+E50+G50)/7 -> 705.9
A51: ø 08-19 | B51: =SUM(B21:B31)/11 -> 33.090909 | C51: =IF(AND($C$7>=$P$5,$C$7<=$R$5),B51*$C$7*$T$5/100,IF(AND($C$7>=$P$4,$C$7<=$R$4),B51*$C$7*$T$4/100,IF(AND($C$7>=$P$3,$C$7<=$R$3),B51*$C$7*$T$3/100,IF($C$7>=$P$6,B51*$C$7*$T$6/100)))) -> 694.90909 | D51: =SUM(D21:D31)/11 -> 34.181818 | E51: =IF(AND($C$7>=$P$5,$C$7<=$R$5),D51*$C$7*$T$5/100,IF(AND($C$7>=$P$4,$C$7<=$R$4),D51*$C$7*$T$4/100,IF(AND($C$7>=$P$3,$C$7<=$R$3),D51*$C$7*$T$3/100,IF($C$7>=$P$6,D51*$C$7*$T$6/100)))) -> 717.81818 | F51: =SUM(F21:F31)/11 -> 26.272727 | G51: =IF(AND($C$7>=$P$5,$C$7<=$R$5),F51*$C$7*$T$5/100,IF(AND($C$7>=$P$4,$C$7<=$R$4),F51*$C$7*$T$4/100,IF(AND($C$7>=$P$3,$C$7<=$R$3),F51*$C$7*$T$3/100,IF($C$7>=$P$6,F51*$C$7*$T$6/100)))) -> 551.72727 | H51: =SUM(H21:H31)/11 -> 33.272727 | I51: =((5*C51)+E51)/6 -> 698.72727 | J51: =SUM(J21:J31)/11 -> 32.272727 | K51: =((5*C51)+E51+G51)/7 -> 677.72727
A52: ø 08-20 | B52: =SUM(B21:B32)/12 -> 31.083333 | C52: =IF(AND($C$7>=$P$5,$C$7<=$R$5),B52*$C$7*$T$5/100,IF(AND($C$7>=$P$4,$C$7<=$R$4),B52*$C$7*$T$4/100,IF(AND($C$7>=$P$3,$C$7<=$R$3),B52*$C$7*$T$3/100,IF($C$7>=$P$6,B52*$C$7*$T$6/100)))) -> 652.75 | D52: =SUM(D21:D32)/12 -> 31.833333 | E52: =IF(AND($C$7>=$P$5,$C$7<=$R$5),D52*$C$7*$T$5/100,IF(AND($C$7>=$P$4,$C$7<=$R$4),D52*$C$7*$T$4/100,IF(AND($C$7>=$P$3,$C$7<=$R$3),D52*$C$7*$T$3/100,IF($C$7>=$P$6,D52*$C$7*$T$6/100)))) -> 668.5 | F52: =SUM(F21:F32)/12 -> 24.5 | G52: =IF(AND($C$7>=$P$5,$C$7<=$R$5),F52*$C$7*$T$5/100,IF(AND($C$7>=$P$4,$C$7<=$R$4),F52*$C$7*$T$4/100,IF(AND($C$7>=$P$3,$C$7<=$R$3),F52*$C$7*$T$3/100,IF($C$7>=$P$6,F52*$C$7*$T$6/100)))) -> 514.5 | H52: =SUM(H21:H32)/12 -> 31.208333 | I52: =((5*C52)+E52)/6 -> 655.375 | J52: =SUM(J21:J32)/12 -> 30.25 | K52: =((5*C52)+E52+G52)/7 -> 635.25
A53: ø 08-22 | B53: =SUM(B21:B34)/14 -> 27.357143 | C53: =IF(AND($C$7>=$P$5,$C$7<=$R$5),B53*$C$7*$T$5/100,IF(AND($C$7>=$P$4,$C$7<=$R$4),B53*$C$7*$T$4/100,IF(AND($C$7>=$P$3,$C$7<=$R$3),B53*$C$7*$T$3/100,IF($C$7>=$P$6,B53*$C$7*$T$6/100)))) -> 574.5 | D53: =SUM(D21:D34)/14 -> 27.5 | E53: =IF(AND($C$7>=$P$5,$C$7<=$R$5),D53*$C$7*$T$5/100,IF(AND($C$7>=$P$4,$C$7<=$R$4),D53*$C$7*$T$4/100,IF(AND($C$7>=$P$3,$C$7<=$R$3),D53*$C$7*$T$3/100,IF($C$7>=$P$6,D53*$C$7*$T$6/100)))) -> 577.5 | F53: =SUM(F21:F34)/14 -> 21.285714 | G53: =IF(AND($C$7>=$P$5,$C$7<=$R$5),F53*$C$7*$T$5/100,IF(AND($C$7>=$P$4,$C$7<=$R$4),F53*$C$7*$T$4/100,IF(AND($C$7>=$P$3,$C$7<=$R$3),F53*$C$7*$T$3/100,IF($C$7>=$P$6,F53*$C$7*$T$6/100)))) -> 447 | H53: =SUM(H21:H34)/14 -> 27.380952 | I53: =((5*C53)+E53)/6 -> 575 | J53: =SUM(J21:J34)/14 -> 26.510204 | K53: =((5*C53)+E53+G53)/7 -> 556.71429
A54: ø 08-24 | B54: =SUM(B21:B36)/16 -> 24.1875 | C54: =IF(AND($C$7>=$P$5,$C$7<=$R$5),B54*$C$7*$T$5/100,IF(AND($C$7>=$P$4,$C$7<=$R$4),B54*$C$7*$T$4/100,IF(AND($C$7>=$P$3,$C$7<=$R$3),B54*$C$7*$T$3/100,IF($C$7>=$P$6,B54*$C$7*$T$6/100)))) -> 507.9375 | D54: =SUM(D21:D36)/16 -> 24.1875 | E54: =IF(AND($C$7>=$P$5,$C$7<=$R$5),D54*$C$7*$T$5/100,IF(AND($C$7>=$P$4,$C$7<=$R$4),D54*$C$7*$T$4/100,IF(AND($C$7>=$P$3,$C$7<=$R$3),D54*$C$7*$T$3/100,IF($C$7>=$P$6,D54*$C$7*$T$6/100)))) -> 507.9375 | F54: =SUM(F21:F36)/16 -> 18.75 | G54: =IF(AND($C$7>=$P$5,$C$7<=$R$5),F54*$C$7*$T$5/100,IF(AND($C$7>=$P$4,$C$7<=$R$4),F54*$C$7*$T$4/100,IF(AND($C$7>=$P$3,$C$7<=$R$3),F54*$C$7*$T$3/100,IF($C$7>=$P$6,F54*$C$7*$T$6/100)))) -> 393.75 | H54: =SUM(H21:H36)/16 -> 24.1875 | I54: =((5*C54)+E54)/6 -> 507.9375 | J54: =SUM(J21:J36)/16 -> 23.410714 | K54: =((5*C54)+E54+G54)/7 -> 491.625
A55: ø 09-24 | B55: =SUM(B22:B36)/15 -> 22.066667 | C55: =IF(AND($C$7>=$P$5,$C$7<=$R$5),B55*$C$7*$T$5/100,IF(AND($C$7>=$P$4,$C$7<=$R$4),B55*$C$7*$T$4/100,IF(AND($C$7>=$P$3,$C$7<=$R$3),B55*$C$7*$T$3/100,IF($C$7>=$P$6,B55*$C$7*$T$6/100)))) -> 463.4 | D55: =SUM(D22:D36)/15 -> 22.266667 | E55: =IF(AND($C$7>=$P$5,$C$7<=$R$5),D55*$C$7*$T$5/100,IF(AND($C$7>=$P$4,$C$7<=$R$4),D55*$C$7*$T$4/100,IF(AND($C$7>=$P$3,$C$7<=$R$3),D55*$C$7*$T$3/100,IF($C$7>=$P$6,D55*$C$7*$T$6/100)))) -> 467.6 | F55: =SUM(F22:F36)/15 -> 17.666667 | G55: =IF(AND($C$7>=$P$5,$C$7<=$R$5),F55*$C$7*$T$5/100,IF(AND($C$7>=$P$4,$C$7<=$R$4),F55*$C$7*$T$4/100,IF(AND($C$7>=$P$3,$C$7<=$R$3),F55*$C$7*$T$3/100,IF($C$7>=$P$6,F55*$C$7*$T$6/100)))) -> 371 | H55: =SUM(H22:H36)/15 -> 22.1 | I55: =((5*C55)+E55)/6 -> 464.1 | J55: =SUM(J22:J36)/15 -> 21.466667 | K55: =((5*C55)+E55+G55)/7 -> 450.8
A56: ø 10-15 | B56: =SUM(B23:B27)/5 -> 30.2 | C56: =IF(AND($C$7>=$P$5,$C$7<=$R$5),B56*$C$7*$T$5/100,IF(AND($C$7>=$P$4,$C$7<=$R$4),B56*$C$7*$T$4/100,IF(AND($C$7>=$P$3,$C$7<=$R$3),B56*$C$7*$T$3/100,IF($C$7>=$P$6,B56*$C$7*$T$6/100)))) -> 634.2 | D56: =SUM(D23:D27)/5 -> 39.2 | E56: =IF(AND($C$7>=$P$5,$C$7<=$R$5),D56*$C$7*$T$5/100,IF(AND($C$7>=$P$4,$C$7<=$R$4),D56*$C$7*$T$4/100,IF(AND($C$7>=$P$3,$C$7<=$R$3),D56*$C$7*$T$3/100,IF($C$7>=$P$6,D56*$C$7*$T$6/100)))) -> 823.2 | F56: =SUM(F23:F27)/5 -> 27.2 | G56: =IF(AND($C$7>=$P$5,$C$7<=$R$5),F56*$C$7*$T$5/100,IF(AND($C$7>=$P$4,$C$7<=$R$4),F56*$C$7*$T$4/100,IF(AND($C$7>=$P$3,$C$7<=$R$3),F56*$C$7*$T$3/100,IF($C$7>=$P$6,F56*$C$7*$T$6/100)))) -> 571.2 | H56: =SUM(H23:H27)/5 -> 31.7 | I56: =((5*C56)+E56)/6 -> 665.7 | J56: =SUM(J23:J27)/5 -> 31.057143 | K56: =((5*C56)+E56+G56)/7 -> 652.2
A57: ø 10-16 | B57: =SUM(B23:B28)/6 -> 30.166667 | C57: =IF(AND($C$7>=$P$5,$C$7<=$R$5),B57*$C$7*$T$5/100,IF(AND($C$7>=$P$4,$C$7<=$R$4),B57*$C$7*$T$4/100,IF(AND($C$7>=$P$3,$C$7<=$R$3),B57*$C$7*$T$3/100,IF($C$7>=$P$6,B57*$C$7*$T$6/100)))) -> 633.5 | D57: =SUM(D23:D28)/6 -> 36.166667 | E57: =IF(AND($C$7>=$P$5,$C$7<=$R$5),D57*$C$7*$T$5/100,IF(AND($C$7>=$P$4,$C$7<=$R$4),D57*$C$7*$T$4/100,IF(AND($C$7>=$P$3,$C$7<=$R$3),D57*$C$7*$T$3/100,IF($C$7>=$P$6,D57*$C$7*$T$6/100)))) -> 759.5 | F57: =SUM(F23:F28)/6 -> 25.666667 | G57: =IF(AND($C$7>=$P$5,$C$7<=$R$5),F57*$C$7*$T$5/100,IF(AND($C$7>=$P$4,$C$7<=$R$4),F57*$C$7*$T$4/100,IF(AND($C$7>=$P$3,$C$7<=$R$3),F57*$C$7*$T$3/100,IF($C$7>=$P$6,F57*$C$7*$T$6/100)))) -> 539 | H57: =SUM(H23:H28)/6 -> 31.166667 | I57: =((5*C57)+E57)/6 -> 654.5 | J57: =SUM(J23:J28)/6 -> 30.380952 | K57: =((5*C57)+E57+G57)/7 -> 638
A58: ø 10-18 | B58: =SUM(B23:B30)/8 -> 30.25 | C58: =IF(AND($C$7>=$P$5,$C$7<=$R$5),B58*$C$7*$T$5/100,IF(AND($C$7>=$P$4,$C$7<=$R$4),B58*$C$7*$T$4/100,IF(AND($C$7>=$P$3,$C$7<=$R$3),B58*$C$7*$T$3/100,IF($C$7>=$P$6,B58*$C$7*$T$6/100)))) -> 635.25 | D58: =SUM(D23:D30)/8 -> 31 | E58: =IF(AND($C$7>=$P$5,$C$7<=$R$5),D58*$C$7*$T$5/100,IF(AND($C$7>=$P$4,$C$7<=$R$4),D58*$C$7*$T$4/100,IF(AND($C$7>=$P$3,$C$7<=$R$3),D58*$C$7*$T$3/100,IF($C$7>=$P$6,D58*$C$7*$T$6/100)))) -> 651 | F58: =SUM(F23:F30)/8 -> 24.125 | G58: =IF(AND($C$7>=$P$5,$C$7<=$R$5),F58*$C$7*$T$5/100,IF(AND($C$7>=$P$4,$C$7<=$R$4),F58*$C$7*$T$4/100,IF(AND($C$7>=$P$3,$C$7<=$R$3),F58*$C$7*$T$3/100,IF($C$7>=$P$6,F58*$C$7*$T$6/100)))) -> 506.625 | H58: =SUM(H23:H30)/8 -> 30.375 | I58: =((5*C58)+E58)/6 -> 637.875 | J58: =SUM(J23:J30)/8 -> 29.482143 | K58: =((5*C58)+E58+G58)/7 -> 619.125
A59: ø 10-19 | B59: =SUM(B23:B31)/9 -> 29.444444 | C59: =IF(AND($C$7>=$P$5,$C$7<=$R$5),B59*$C$7*$T$5/100,IF(AND($C$7>=$P$4,$C$7<=$R$4),B59*$C$7*$T$4/100,IF(AND($C$7>=$P$3,$C$7<=$R$3),B59*$C$7*$T$3/100,IF($C$7>=$P$6,B59*$C$7*$T$6/100)))) -> 618.33333 | D59: =SUM(D23:D31)/9 -> 28.555556 | E59: =IF(AND($C$7>=$P$5,$C$7<=$R$5),D59*$C$7*$T$5/100,IF(AND($C$7>=$P$4,$C$7<=$R$4),D59*$C$7*$T$4/100,IF(AND($C$7>=$P$3,$C$7<=$R$3),D59*$C$7*$T$3/100,IF($C$7>=$P$6,D59*$C$7*$T$6/100)))) -> 599.66667 | F59: =SUM(F23:F31)/9 -> 22.333333 | G59: =IF(AND($C$7>=$P$5,$C$7<=$R$5),F59*$C$7*$T$5/100,IF(AND($C$7>=$P$4,$C$7<=$R$4),F59*$C$7*$T$4/100,IF(AND($C$7>=$P$3,$C$7<=$R$3),F59*$C$7*$T$3/100,IF($C$7>=$P$6,F59*$C$7*$T$6/100)))) -> 469 | H59: =SUM(H23:H31)/9 -> 29.296296 | I59: =((5*C59)+E59)/6 -> 615.22222 | J59: =SUM(J23:J31)/9 -> 28.301587 | K59: =((5*C59)+E59+G59)/7 -> 594.33333
A60: ø 10-20 | B60: =SUM(B23:B32)/10 -> 27.4 | C60: =IF(AND($C$7>=$P$5,$C$7<=$R$5),B60*$C$7*$T$5/100,IF(AND($C$7>=$P$4,$C$7<=$R$4),B60*$C$7*$T$4/100,IF(AND($C$7>=$P$3,$C$7<=$R$3),B60*$C$7*$T$3/100,IF($C$7>=$P$6,B60*$C$7*$T$6/100)))) -> 575.4 | D60: =SUM(D23:D32)/10 -> 26.3 | E60: =IF(AND($C$7>=$P$5,$C$7<=$R$5),D60*$C$7*$T$5/100,IF(AND($C$7>=$P$4,$C$7<=$R$4),D60*$C$7*$T$4/100,IF(AND($C$7>=$P$3,$C$7<=$R$3),D60*$C$7*$T$3/100,IF($C$7>=$P$6,D60*$C$7*$T$6/100)))) -> 552.3 | F60: =SUM(F23:F32)/10 -> 20.6 | G60: =IF(AND($C$7>=$P$5,$C$7<=$R$5),F60*$C$7*$T$5/100,IF(AND($C$7>=$P$4,$C$7<=$R$4),F60*$C$7*$T$4/100,IF(AND($C$7>=$P$3,$C$7<=$R$3),F60*$C$7*$T$3/100,IF($C$7>=$P$6,F60*$C$7*$T$6/100)))) -> 432.6 | H60: =SUM(H23:H32)/10 -> 27.216667 | I60: =((5*C60)+E60)/6 -> 571.55 | J60: =SUM(J23:J32)/10 -> 26.271429 | K60: =((5*C60)+E60+G60)/7 -> 551.7
A61: ø 10-22 | B61: =SUM(B23:B34)/12 -> 23.666667 | C61: =IF(AND($C$7>=$P$5,$C$7<=$R$5),B61*$C$7*$T$5/100,IF(AND($C$7>=$P$4,$C$7<=$R$4),B61*$C$7*$T$4/100,IF(AND($C$7>=$P$3,$C$7<=$R$3),B61*$C$7*$T$3/100,IF($C$7>=$P$6,B61*$C$7*$T$6/100)))) -> 497 | D61: =SUM(D23:D34)/12 -> 22.166667 | E61: =IF(AND($C$7>=$P$5,$C$7<=$R$5),D61*$C$7*$T$5/100,IF(AND($C$7>=$P$4,$C$7<=$R$4),D61*$C$7*$T$4/100,IF(AND($C$7>=$P$3,$C$7<=$R$3),D61*$C$7*$T$3/100,IF($C$7>=$P$6,D61*$C$7*$T$6/100)))) -> 465.5 | F61: =SUM(F23:F34)/12 -> 17.5 | G61: =IF(AND($C$7>=$P$5,$C$7<=$R$5),F61*$C$7*$T$5/100,IF(AND($C$7>=$P$4,$C$7<=$R$4),F61*$C$7*$T$4/100,IF(AND($C$7>=$P$3,$C$7<=$R$3),F61*$C$7*$T$3/100,IF($C$7>=$P$6,F61*$C$7*$T$6/100)))) -> 367.5 | H61: =SUM(H23:H34)/12 -> 23.416667 | I61: =((5*C61)+E61)/6 -> 491.75 | J61: =SUM(J23:J34)/12 -> 22.571429 | K61: =((5*C61)+E61+G61)/7 -> 474
A62: ø 10-24 | B62: =SUM(B23:B36)/14 -> 20.571429 | C62: =IF(AND($C$7>=$P$5,$C$7<=$R$5),B62*$C$7*$T$5/100,IF(AND($C$7>=$P$4,$C$7<=$R$4),B62*$C$7*$T$4/100,IF(AND($C$7>=$P$3,$C$7<=$R$3),B62*$C$7*$T$3/100,IF($C$7>=$P$6,B62*$C$7*$T$6/100)))) -> 432 | D62: =SUM(D23:D36)/14 -> 19.142857 | E62: =IF(AND($C$7>=$P$5,$C$7<=$R$5),D62*$C$7*$T$5/100,IF(AND($C$7>=$P$4,$C$7<=$R$4),D62*$C$7*$T$4/100,IF(AND($C$7>=$P$3,$C$7<=$R$3),D62*$C$7*$T$3/100,IF($C$7>=$P$6,D62*$C$7*$T$6/100)))) -> 402 | F62: =SUM(F23:F36)/14 -> 15.142857 | G62: =IF(AND($C$7>=$P$5,$C$7<=$R$5),F62*$C$7*$T$5/100,IF(AND($C$7>=$P$4,$C$7<=$R$4),F62*$C$7*$T$4/100,IF(AND($C$7>=$P$3,$C$7<=$R$3),F62*$C$7*$T$3/100,IF($C$7>=$P$6,F62*$C$7*$T$6/100)))) -> 318 | H62: =SUM(H23:H36)/14 -> 20.333333 | I62: =((5*C62)+E62)/6 -> 427 | J62: =SUM(J23:J36)/14 -> 19.591837 | K62: =((5*C62)+E62+G62)/7 -> 411.42857
A63: ø 12-24 | B63: =SUM(B25:B36)/12 -> 18.916667 | C63: =IF(AND($C$7>=$P$5,$C$7<=$R$5),B63*$C$7*$T$5/100,IF(AND($C$7>=$P$4,$C$7<=$R$4),B63*$C$7*$T$4/100,IF(AND($C$7>=$P$3,$C$7<=$R$3),B63*$C$7*$T$3/100,IF($C$7>=$P$6,B63*$C$7*$T$6/100)))) -> 397.25 | D63: =SUM(D25:D36)/12 -> 13.25 | E63: =IF(AND($C$7>=$P$5,$C$7<=$R$5),D63*$C$7*$T$5/100,IF(AND($C$7>=$P$4,$C$7<=$R$4),D63*$C$7*$T$4/100,IF(AND($C$7>=$P$3,$C$7<=$R$3),D63*$C$7*$T$3/100,IF($C$7>=$P$6,D63*$C$7*$T$6/100)))) -> 278.25 | F63: =SUM(F25:F36)/12 -> 11.166667 | G63: =IF(AND($C$7>=$P$5,$C$7<=$R$5),F63*$C$7*$T$5/100,IF(AND($C$7>=$P$4,$C$7<=$R$4),F63*$C$7*$T$4/100,IF(AND($C$7>=$P$3,$C$7<=$R$3),F63*$C$7*$T$3/100,IF($C$7>=$P$6,F63*$C$7*$T$6/100)))) -> 234.5 | H63: =SUM(H25:H36)/12 -> 17.972222 | I63: =((5*C63)+E63)/6 -> 377.41667 | J63: =SUM(J25:J36)/12 -> 17 | K63: =((5*C63)+E63+G63)/7 -> 357
A64: ø 14-19 | B64: =SUM(B27:B31)/5 -> 28.8 | C64: =IF(AND($C$7>=$P$5,$C$7<=$R$5),B64*$C$7*$T$5/100,IF(AND($C$7>=$P$4,$C$7<=$R$4),B64*$C$7*$T$4/100,IF(AND($C$7>=$P$3,$C$7<=$R$3),B64*$C$7*$T$3/100,IF($C$7>=$P$6,B64*$C$7*$T$6/100)))) -> 604.8 | D64: =SUM(D27:D31)/5 -> 17 | E64: =IF(AND($C$7>=$P$5,$C$7<=$R$5),D64*$C$7*$T$5/100,IF(AND($C$7>=$P$4,$C$7<=$R$4),D64*$C$7*$T$4/100,IF(AND($C$7>=$P$3,$C$7<=$R$3),D64*$C$7*$T$3/100,IF($C$7>=$P$6,D64*$C$7*$T$6/100)))) -> 357 | F64: =SUM(F27:F31)/5 -> 16.4 | G64: =IF(AND($C$7>=$P$5,$C$7<=$R$5),F64*$C$7*$T$5/100,IF(AND($C$7>=$P$4,$C$7<=$R$4),F64*$C$7*$T$4/100,IF(AND($C$7>=$P$3,$C$7<=$R$3),F64*$C$7*$T$3/100,IF($C$7>=$P$6,F64*$C$7*$T$6/100)))) -> 344.4 | H64: =SUM(H27:H31)/5 -> 26.833333 | I64: =((5*C64)+E64)/6 -> 563.5 | J64: =SUM(J27:J31)/5 -> 25.342857 | K64: =((5*C64)+E64+G64)/7 -> 532.2
A65: ø 14-20 | B65: =SUM(B27:B32)/6 -> 25.5 | C65: =IF(AND($C$7>=$P$5,$C$7<=$R$5),B65*$C$7*$T$5/100,IF(AND($C$7>=$P$4,$C$7<=$R$4),B65*$C$7*$T$4/100,IF(AND($C$7>=$P$3,$C$7<=$R$3),B65*$C$7*$T$3/100,IF($C$7>=$P$6,B65*$C$7*$T$6/100)))) -> 535.5 | D65: =SUM(D27:D32)/6 -> 15.166667 | E65: =IF(AND($C$7>=$P$5,$C$7<=$R$5),D65*$C$7*$T$5/100,IF(AND($C$7>=$P$4,$C$7<=$R$4),D65*$C$7*$T$4/100,IF(AND($C$7>=$P$3,$C$7<=$R$3),D65*$C$7*$T$3/100,IF($C$7>=$P$6,D65*$C$7*$T$6/100)))) -> 318.5 | F65: =SUM(F27:F32)/6 -> 14.5 | G65: =IF(AND($C$7>=$P$5,$C$7<=$R$5),F65*$C$7*$T$5/100,IF(AND($C$7>=$P$4,$C$7<=$R$4),F65*$C$7*$T$4/100,IF(AND($C$7>=$P$3,$C$7<=$R$3),F65*$C$7*$T$3/100,IF($C$7>=$P$6,F65*$C$7*$T$6/100)))) -> 304.5 | H65: =SUM(H27:H32)/6 -> 23.777778 | I65: =((5*C65)+E65)/6 -> 499.33333 | J65: =SUM(J27:J32)/6 -> 22.452381 | K65: =((5*C65)+E65+G65)/7 -> 471.5
A66: ø 14-22 | B66: =SUM(B27:B34)/8 -> 20.375 | C66: =IF(AND($C$7>=$P$5,$C$7<=$R$5),B66*$C$7*$T$5/100,IF(AND($C$7>=$P$4,$C$7<=$R$4),B66*$C$7*$T$4/100,IF(AND($C$7>=$P$3,$C$7<=$R$3),B66*$C$7*$T$3/100,IF($C$7>=$P$6,B66*$C$7*$T$6/100)))) -> 427.875 | D66: =SUM(D27:D34)/8 -> 11.75 | E66: =IF(AND($C$7>=$P$5,$C$7<=$R$5),D66*$C$7*$T$5/100,IF(AND($C$7>=$P$4,$C$7<=$R$4),D66*$C$7*$T$4/100,IF(AND($C$7>=$P$3,$C$7<=$R$3),D66*$C$7*$T$3/100,IF($C$7>=$P$6,D66*$C$7*$T$6/100)))) -> 246.75 | F66: =SUM(F27:F34)/8 -> 11.375 | G66: =IF(AND($C$7>=$P$5,$C$7<=$R$5),F66*$C$7*$T$5/100,IF(AND($C$7>=$P$4,$C$7<=$R$4),F66*$C$7*$T$4/100,IF(AND($C$7>=$P$3,$C$7<=$R$3),F66*$C$7*$T$3/100,IF($C$7>=$P$6,F66*$C$7*$T$6/100)))) -> 238.875 | H66: =SUM(H27:H34)/8 -> 18.9375 | I66: =((5*C66)+E66)/6 -> 397.6875 | J66: =SUM(J27:J34)/8 -> 17.857143 | K66: =((5*C66)+E66+G66)/7 -> 375
A67: ø 14-24 | B67: =SUM(B27:B36)/10 -> 16.7 | C67: =IF(AND($C$7>=$P$5,$C$7<=$R$5),B67*$C$7*$T$5/100,IF(AND($C$7>=$P$4,$C$7<=$R$4),B67*$C$7*$T$4/100,IF(AND($C$7>=$P$3,$C$7<=$R$3),B67*$C$7*$T$3/100,IF($C$7>=$P$6,B67*$C$7*$T$6/100)))) -> 350.7 | D67: =SUM(D27:D36)/10 -> 9.6 | E67: =IF(AND($C$7>=$P$5,$C$7<=$R$5),D67*$C$7*$T$5/100,IF(AND($C$7>=$P$4,$C$7<=$R$4),D67*$C$7*$T$4/100,IF(AND($C$7>=$P$3,$C$7<=$R$3),D67*$C$7*$T$3/100,IF($C$7>=$P$6,D67*$C$7*$T$6/100)))) -> 201.6 | F67: =SUM(F27:F36)/10 -> 9.3 | G67: =IF(AND($C$7>=$P$5,$C$7<=$R$5),F67*$C$7*$T$5/100,IF(AND($C$7>=$P$4,$C$7<=$R$4),F67*$C$7*$T$4/100,IF(AND($C$7>=$P$3,$C$7<=$R$3),F67*$C$7*$T$3/100,IF($C$7>=$P$6,F67*$C$7*$T$6/100)))) -> 195.3 | H67: =SUM(H27:H36)/10 -> 15.516667 | I67: =((5*C67)+E67)/6 -> 325.85 | J67: =SUM(J27:J36)/10 -> 14.628571 | K67: =((5*C67)+E67+G67)/7 -> 307.2
A68: ø 15-21 | B68: =SUM(B28:B33)/6 -> 21.5 | C68: =IF(AND($C$7>=$P$5,$C$7<=$R$5),B68*$C$7*$T$5/100,IF(AND($C$7>=$P$4,$C$7<=$R$4),B68*$C$7*$T$4/100,IF(AND($C$7>=$P$3,$C$7<=$R$3),B68*$C$7*$T$3/100,IF($C$7>=$P$6,B68*$C$7*$T$6/100)))) -> 451.5 | D68: =SUM(D28:D33)/6 -> 11.5 | E68: =IF(AND($C$7>=$P$5,$C$7<=$R$5),D68*$C$7*$T$5/100,IF(AND($C$7>=$P$4,$C$7<=$R$4),D68*$C$7*$T$4/100,IF(AND($C$7>=$P$3,$C$7<=$R$3),D68*$C$7*$T$3/100,IF($C$7>=$P$6,D68*$C$7*$T$6/100)))) -> 241.5 | F68: =SUM(F28:F33)/6 -> 12 | G68: =IF(AND($C$7>=$P$5,$C$7<=$R$5),F68*$C$7*$T$5/100,IF(AND($C$7>=$P$4,$C$7<=$R$4),F68*$C$7*$T$4/100,IF(AND($C$7>=$P$3,$C$7<=$R$3),F68*$C$7*$T$3/100,IF($C$7>=$P$6,F68*$C$7*$T$6/100)))) -> 252 | H68: =SUM(H28:H33)/6 -> 19.833333 | I68: =((5*C68)+E68)/6 -> 416.5 | J68: =SUM(J28:J33)/6 -> 18.714286 | K68: =((5*C68)+E68+G68)/7 -> 393
A69: ø 15-22 | B69: =SUM(B28:B34)/7 -> 19 | C69: =IF(AND($C$7>=$P$5,$C$7<=$R$5),B69*$C$7*$T$5/100,IF(AND($C$7>=$P$4,$C$7<=$R$4),B69*$C$7*$T$4/100,IF(AND($C$7>=$P$3,$C$7<=$R$3),B69*$C$7*$T$3/100,IF($C$7>=$P$6,B69*$C$7*$T$6/100)))) -> 399 | D69: =SUM(D28:D34)/7 -> 10 | E69: =IF(AND($C$7>=$P$5,$C$7<=$R$5),D69*$C$7*$T$5/100,IF(AND($C$7>=$P$4,$C$7<=$R$4),D69*$C$7*$T$4/100,IF(AND($C$7>=$P$3,$C$7<=$R$3),D69*$C$7*$T$3/100,IF($C$7>=$P$6,D69*$C$7*$T$6/100)))) -> 210 | F69: =SUM(F28:F34)/7 -> 10.571429 | G69: =IF(AND($C$7>=$P$5,$C$7<=$R$5),F69*$C$7*$T$5/100,IF(AND($C$7>=$P$4,$C$7<=$R$4),F69*$C$7*$T$4/100,IF(AND($C$7>=$P$3,$C$7<=$R$3),F69*$C$7*$T$3/100,IF($C$7>=$P$6,F69*$C$7*$T$6/100)))) -> 222 | H69: =SUM(H28:H34)/7 -> 17.5 | I69: =((5*C69)+E69)/6 -> 367.5 | J69: =SUM(J28:J34)/7 -> 16.510204 | K69: =((5*C69)+E69+G69)/7 -> 346.71429
A70: ø 15-24 | B70: =SUM(B28:B36)/9 -> 15.222222 | C70: =IF(AND($C$7>=$P$5,$C$7<=$R$5),B70*$C$7*$T$5/100,IF(AND($C$7>=$P$4,$C$7<=$R$4),B70*$C$7*$T$4/100,IF(AND($C$7>=$P$3,$C$7<=$R$3),B70*$C$7*$T$3/100,IF($C$7>=$P$6,B70*$C$7*$T$6/100)))) -> 319.66667 | D70: =SUM(D28:D36)/9 -> 8 | E70: =IF(AND($C$7>=$P$5,$C$7<=$R$5),D70*$C$7*$T$5/100,IF(AND($C$7>=$P$4,$C$7<=$R$4),D70*$C$7*$T$4/100,IF(AND($C$7>=$P$3,$C$7<=$R$3),D70*$C$7*$T$3/100,IF($C$7>=$P$6,D70*$C$7*$T$6/100)))) -> 168 | F70: =SUM(F28:F36)/9 -> 8.4444444 | G70: =IF(AND($C$7>=$P$5,$C$7<=$R$5),F70*$C$7*$T$5/100,IF(AND($C$7>=$P$4,$C$7<=$R$4),F70*$C$7*$T$4/100,IF(AND($C$7>=$P$3,$C$7<=$R$3),F70*$C$7*$T$3/100,IF($C$7>=$P$6,F70*$C$7*$T$6/100)))) -> 177.33333 | H70: =SUM(H28:H36)/9 -> 14.018519 | I70: =((5*C70)+E70)/6 -> 294.38889 | J70: =SUM(J28:J36)/9 -> 13.222222 | K70: =((5*C70)+E70+G70)/7 -> 277.66667
A71: Ø 16-19 | B71: =SUM(B29:B31)/3 -> 28 | C71: =IF(AND($C$7>=$P$5,$C$7<=$R$5),B71*$C$7*$T$5/100,IF(AND($C$7>=$P$4,$C$7<=$R$4),B71*$C$7*$T$4/100,IF(AND($C$7>=$P$3,$C$7<=$R$3),B71*$C$7*$T$3/100,IF($C$7>=$P$6,B71*$C$7*$T$6/100)))) -> 588 | D71: =SUM(D29:D31)/3 -> 13.333333 | E71: =IF(AND($C$7>=$P$5,$C$7<=$R$5),D71*$C$7*$T$5/100,IF(AND($C$7>=$P$4,$C$7<=$R$4),D71*$C$7*$T$4/100,IF(AND($C$7>=$P$3,$C$7<=$R$3),D71*$C$7*$T$3/100,IF($C$7>=$P$6,D71*$C$7*$T$6/100)))) -> 280 | F71: =SUM(F29:F31)/3 -> 15.666667 | G71: =IF(AND($C$7>=$P$5,$C$7<=$R$5),F71*$C$7*$T$5/100,IF(AND($C$7>=$P$4,$C$7<=$R$4),F71*$C$7*$T$4/100,IF(AND($C$7>=$P$3,$C$7<=$R$3),F71*$C$7*$T$3/100,IF($C$7>=$P$6,F71*$C$7*$T$6/100)))) -> 329 | H71: =SUM(H29:H31)/3 -> 25.555556 | I71: =((5*C71)+E71)/6 -> 536.66667 | J71: =SUM(J29:J31)/3 -> 24.142857 | K71: =((5*C71)+E71+G71)/7 -> 507
A72: ø 17-19 | B72: =SUM(B30:B31)/2 -> 26.5 | C72: =IF(AND($C$7>=$P$5,$C$7<=$R$5),B72*$C$7*$T$5/100,IF(AND($C$7>=$P$4,$C$7<=$R$4),B72*$C$7*$T$4/100,IF(AND($C$7>=$P$3,$C$7<=$R$3),B72*$C$7*$T$3/100,IF($C$7>=$P$6,B72*$C$7*$T$6/100)))) -> 556.5 | D72: =SUM(D30:D31)/2 -> 11.5 | E72: =IF(AND($C$7>=$P$5,$C$7<=$R$5),D72*$C$7*$T$5/100,IF(AND($C$7>=$P$4,$C$7<=$R$4),D72*$C$7*$T$4/100,IF(AND($C$7>=$P$3,$C$7<=$R$3),D72*$C$7*$T$3/100,IF($C$7>=$P$6,D72*$C$7*$T$6/100)))) -> 241.5 | F72: =SUM(F30:F31)/2 -> 12.5 | G72: =IF(AND($C$7>=$P$5,$C$7<=$R$5),F72*$C$7*$T$5/100,IF(AND($C$7>=$P$4,$C$7<=$R$4),F72*$C$7*$T$4/100,IF(AND($C$7>=$P$3,$C$7<=$R$3),F72*$C$7*$T$3/100,IF($C$7>=$P$6,F72*$C$7*$T$6/100)))) -> 262.5 | H72: =SUM(H30:H31)/2 -> 24 | I72: =((5*C72)+E72)/6 -> 504 | J72: =SUM(J30:J31)/2 -> 22.357143 | K72: =((5*C72)+E72+G72)/7 -> 469.5
A73: ø 17-21 | B73: =SUM(B30:B33)/4 -> 17 | C73: =IF(AND($C$7>=$P$5,$C$7<=$R$5),B73*$C$7*$T$5/100,IF(AND($C$7>=$P$4,$C$7<=$R$4),B73*$C$7*$T$4/100,IF(AND($C$7>=$P$3,$C$7<=$R$3),B73*$C$7*$T$3/100,IF($C$7>=$P$6,B73*$C$7*$T$6/100)))) -> 357 | D73: =SUM(D30:D33)/4 -> 7.75 | E73: =IF(AND($C$7>=$P$5,$C$7<=$R$5),D73*$C$7*$T$5/100,IF(AND($C$7>=$P$4,$C$7<=$R$4),D73*$C$7*$T$4/100,IF(AND($C$7>=$P$3,$C$7<=$R$3),D73*$C$7*$T$3/100,IF($C$7>=$P$6,D73*$C$7*$T$6/100)))) -> 162.75 | F73: =SUM(F30:F33)/4 -> 8 | G73: =IF(AND($C$7>=$P$5,$C$7<=$R$5),F73*$C$7*$T$5/100,IF(AND($C$7>=$P$4,$C$7<=$R$4),F73*$C$7*$T$4/100,IF(AND($C$7>=$P$3,$C$7<=$R$3),F73*$C$7*$T$3/100,IF($C$7>=$P$6,F73*$C$7*$T$6/100)))) -> 168 | H73: =SUM(H30:H33)/4 -> 15.458333 | I73: =((5*C73)+E73)/6 -> 324.625 | J73: =SUM(J30:J33)/4 -> 14.392857 | K73: =((5*C73)+E73+G73)/7 -> 302.25
A74: ø 18-21 | B74: =SUM(B31:B33)/3 -> 12.666667 | C74: =IF(AND($C$7>=$P$5,$C$7<=$R$5),B74*$C$7*$T$5/100,IF(AND($C$7>=$P$4,$C$7<=$R$4),B74*$C$7*$T$4/100,IF(AND($C$7>=$P$3,$C$7<=$R$3),B74*$C$7*$T$3/100,IF($C$7>=$P$6,B74*$C$7*$T$6/100)))) -> 266 | D74: =SUM(D31:D33)/3 -> 5.6666667 | E74: =IF(AND($C$7>=$P$5,$C$7<=$R$5),D74*$C$7*$T$5/100,IF(AND($C$7>=$P$4,$C$7<=$R$4),D74*$C$7*$T$4/100,IF(AND($C$7>=$P$3,$C$7<=$R$3),D74*$C$7*$T$3/100,IF($C$7>=$P$6,D74*$C$7*$T$6/100)))) -> 119 | F74: =SUM(F31:F33)/3 -> 5 | G74: =IF(AND($C$7>=$P$5,$C$7<=$R$5),F74*$C$7*$T$5/100,IF(AND($C$7>=$P$4,$C$7<=$R$4),F74*$C$7*$T$4/100,IF(AND($C$7>=$P$3,$C$7<=$R$3),F74*$C$7*$T$3/100,IF($C$7>=$P$6,F74*$C$7*$T$6/100)))) -> 105 | H74: =SUM(H31:H33)/3 -> 11.5 | I74: =((5*C74)+E74)/6 -> 241.5 | J74: =SUM(J31:J33)/3 -> 10.571429 | K74: =((5*C74)+E74+G74)/7 -> 222
A75: ø 18-22 | B75: =SUM(B31:B34)/4 -> 10.5 | C75: =IF(AND($C$7>=$P$5,$C$7<=$R$5),B75*$C$7*$T$5/100,IF(AND($C$7>=$P$4,$C$7<=$R$4),B75*$C$7*$T$4/100,IF(AND($C$7>=$P$3,$C$7<=$R$3),B75*$C$7*$T$3/100,IF($C$7>=$P$6,B75*$C$7*$T$6/100)))) -> 220.5 | D75: =SUM(D31:D34)/4 -> 4.5 | E75: =IF(AND($C$7>=$P$5,$C$7<=$R$5),D75*$C$7*$T$5/100,IF(AND($C$7>=$P$4,$C$7<=$R$4),D75*$C$7*$T$4/100,IF(AND($C$7>=$P$3,$C$7<=$R$3),D75*$C$7*$T$3/100,IF($C$7>=$P$6,D75*$C$7*$T$6/100)))) -> 94.5 | F75: =SUM(F31:F34)/4 -> 4.25 | G75: =IF(AND($C$7>=$P$5,$C$7<=$R$5),F75*$C$7*$T$5/100,IF(AND($C$7>=$P$4,$C$7<=$R$4),F75*$C$7*$T$4/100,IF(AND($C$7>=$P$3,$C$7<=$R$3),F75*$C$7*$T$3/100,IF($C$7>=$P$6,F75*$C$7*$T$6/100)))) -> 89.25 | H75: =SUM(H31:H34)/4 -> 9.5 | I75: =((5*C75)+E75)/6 -> 199.5 | J75: =SUM(J31:J34)/4 -> 8.75 | K75: =((5*C75)+E75+G75)/7 -> 183.75
A76: ø 18-24 | B76: =SUM(B31:B36)/6 -> 7.6666667 | C76: =IF(AND($C$7>=$P$5,$C$7<=$R$5),B76*$C$7*$T$5/100,IF(AND($C$7>=$P$4,$C$7<=$R$4),B76*$C$7*$T$4/100,IF(AND($C$7>=$P$3,$C$7<=$R$3),B76*$C$7*$T$3/100,IF($C$7>=$P$6,B76*$C$7*$T$6/100)))) -> 161 | D76: =SUM(D31:D36)/6 -> 3.3333333 | E76: =IF(AND($C$7>=$P$5,$C$7<=$R$5),D76*$C$7*$T$5/100,IF(AND($C$7>=$P$4,$C$7<=$R$4),D76*$C$7*$T$4/100,IF(AND($C$7>=$P$3,$C$7<=$R$3),D76*$C$7*$T$3/100,IF($C$7>=$P$6,D76*$C$7*$T$6/100)))) -> 70 | F76: =SUM(F31:F36)/6 -> 3.1666667 | G76: =IF(AND($C$7>=$P$5,$C$7<=$R$5),F76*$C$7*$T$5/100,IF(AND($C$7>=$P$4,$C$7<=$R$4),F76*$C$7*$T$4/100,IF(AND($C$7>=$P$3,$C$7<=$R$3),F76*$C$7*$T$3/100,IF($C$7>=$P$6,F76*$C$7*$T$6/100)))) -> 66.5 | H76: =SUM(H31:H36)/6 -> 6.9444444 | I76: =((5*C76)+E76)/6 -> 145.83333 | J76: =SUM(J31:J36)/6 -> 6.4047619 | K76: =((5*C76)+E76+G76)/7 -> 134.5
A77: ø 19-24 | B77: =SUM(B32:B36)/5 -> 4.6 | C77: =IF(AND($C$7>=$P$5,$C$7<=$R$5),B77*$C$7*$T$5/100,IF(AND($C$7>=$P$4,$C$7<=$R$4),B77*$C$7*$T$4/100,IF(AND($C$7>=$P$3,$C$7<=$R$3),B77*$C$7*$T$3/100,IF($C$7>=$P$6,B77*$C$7*$T$6/100)))) -> 96.6 | D77: =SUM(D32:D36)/5 -> 2.2 | E77: =IF(AND($C$7>=$P$5,$C$7<=$R$5),D77*$C$7*$T$5/100,IF(AND($C$7>=$P$4,$C$7<=$R$4),D77*$C$7*$T$4/100,IF(AND($C$7>=$P$3,$C$7<=$R$3),D77*$C$7*$T$3/100,IF($C$7>=$P$6,D77*$C$7*$T$6/100)))) -> 46.2 | F77: =SUM(F32:F36)/5 -> 2.2 | G77: =IF(AND($C$7>=$P$5,$C$7<=$R$5),F77*$C$7*$T$5/100,IF(AND($C$7>=$P$4,$C$7<=$R$4),F77*$C$7*$T$4/100,IF(AND($C$7>=$P$3,$C$7<=$R$3),F77*$C$7*$T$3/100,IF($C$7>=$P$6,F77*$C$7*$T$6/100)))) -> 46.2 | H77: =SUM(H32:H36)/5 -> 4.2 | I77: =((5*C77)+E77)/6 -> 88.2 | J77: =SUM(J32:J36)/5 -> 3.9142857 | K77: =((5*C77)+E77+G77)/7 -> 82.2
A78: ø 20-24 | B78: =SUM(B33:B36)/4 -> 3.5 | C78: =IF(AND($C$7>=$P$5,$C$7<=$R$5),B78*$C$7*$T$5/100,IF(AND($C$7>=$P$4,$C$7<=$R$4),B78*$C$7*$T$4/100,IF(AND($C$7>=$P$3,$C$7<=$R$3),B78*$C$7*$T$3/100,IF($C$7>=$P$6,B78*$C$7*$T$6/100)))) -> 73.5 | D78: =SUM(D33:D36)/4 -> 1.25 | E78: =IF(AND($C$7>=$P$5,$C$7<=$R$5),D78*$C$7*$T$5/100,IF(AND($C$7>=$P$4,$C$7<=$R$4),D78*$C$7*$T$4/100,IF(AND($C$7>=$P$3,$C$7<=$R$3),D78*$C$7*$T$3/100,IF($C$7>=$P$6,D78*$C$7*$T$6/100)))) -> 26.25 | F78: =SUM(F33:F36)/4 -> 1.5 | G78: =IF(AND($C$7>=$P$5,$C$7<=$R$5),F78*$C$7*$T$5/100,IF(AND($C$7>=$P$4,$C$7<=$R$4),F78*$C$7*$T$4/100,IF(AND($C$7>=$P$3,$C$7<=$R$3),F78*$C$7*$T$3/100,IF($C$7>=$P$6,F78*$C$7*$T$6/100)))) -> 31.5 | H78: =SUM(H33:H36)/4 -> 3.125 | I78: =((5*C78)+E78)/6 -> 65.625 | J78: =SUM(J33:J36)/4 -> 2.8928571 | K78: =((5*C78)+E78+G78)/7 -> 60.75
A115: Mo-Fr
A116: Sa
A117: So
A118: Mo-Sa
A119: Mo-So

Sheet PlanerRHH
A4: Preise 2026 (gültig ab 1. Januar 2026)
B6: Kunde: | I6: Spots Gesamt | M6: =B41+F41+J41 -> 0 | R6: Spotlängenbonus | V6: Index | BE6: =WEEKDAY(AP7,2) -> 6 | BF6: =DAYS360(AP7,AP8)+1 -> 1
B7: Produkt: | I7: Sekunden Ges. | M7: =G9*M6 -> 0 | R7: 1 | S7: - | T7: 15 | U7: Sek. | V7: 110
B8: Agentur: | I8: Euro | M8: =E41+I41+M41 -> 0 | R8: 16 | S8: - | T8: 24 | U8: Sek. | V8: 105
B9: Spotlänge in Sekunden: | G9: 10 | I9: Rabatt | L9: 0.05 | M9: =M8*L9 -> 0 | R9: 25 | S9: - | T9: 34 | U9: Sek. | V9: 100
B10: Aufschlag in % | G10: 50 | I10: Netto 1 | M10: =M8-M9 -> 0 | R10: 35 | S10: - | T10: 99 | U10: Sek. | V10: 95
I11: AE | L11: 0.15 | M11: =M10*L11 -> 0
I12: Netto 2 | M12: =M10-M11 -> 0
A14: UHRZEIT | B14: MONTAG - FREITAG | F14: SAMSTAG | J14: SONNTAG | N14: WOCHE 1 | U14: WOCHE 2 | AB14: WOCHE 3 | AI14: WOCHE 4 | AP14: WOCHE 5 | AW14: WOCHE 6
C15: Euro/ | D15: Euro/ | E15: Euro/ | G15: Euro/ | H15: Euro/ | I15: Euro/ | K15: Euro/ | L15: Euro/ | M15: Euro/ | N15: Mo | O15: Di | P15: Mi | Q15: Do | R15: Fr | S15: Sa | T15: So | U15: Mo | V15: Di | W15: Mi | X15: Do | Y15: Fr | Z15: Sa | AA15: So | AB15: Mo | AC15: Di | AD15: Mi | AE15: Do | AF15: Fr | AG15: Sa | AH15: So | AI15: Mo | AJ15: Di | AK15: Mi | AL15: Do | AM15: Fr | AN15: Sa | AO15: So | AP15: Mo | AQ15: Di | AR15: Mi | AS15: Do | AT15: Fr | AU15: Sa | AV15: So | AW15: Mo | AX15: Di | AY15: Mi | AZ15: Do | BA15: Fr | BB15: Sa | BC15: So
B16: Anz. | C16: Sek. | D16: Spot | E16: ges. | F16: Anz. | G16: Sek. | H16: Spot | I16: ges. | J16: Anz. | K16: Sek. | L16: Spot | M16: ges. | N16: =IF(BE6=1,1,"") | O16: =IF($BE6=2,1,IF($BE6=1,2,"")) | P16: =IF($BE6=3,1,IF($BE6=2,2,IF(BE6=1,3,""))) | Q16: =IF($BE6=4,1,IF($BE6=3,2,IF(BE6=2,3,IF(BE6=1,4,"")))) | R16: =IF($BE6=5,1,IF($BE6=4,2,IF(BE6=3,3,IF(BE6=2,4,IF(BE6=1,5,"")))))
A17: 0-1 Uhr | B17: =SUM(N17:R17,U17:Y17,AB17:AF17,AI17:AM17,AP17:AT17,AW17:BA17) -> 0 | C17: ='Preise RHH'!B13 -> 1 | D17: =IF(AND($G$9>=$R$9,$G$9<=$T$9),C17*$G$9*$V$9/100,IF(AND($G$9>=$R$8,$G$9<=$T$8),C17*$G$9*$V$8/100,IF(AND($G$9>=$R$7,$G$9<=$T$7),C17*$G$9*$V$7/100,IF($G$9>=$R$10,C17*$G$9*$V$10/100)))) -> 11 | E17: =B17*D17*(100+$G$10)/100 -> 0 | F17: =SUM(S17,Z17,AG17,AN17,AU17,BB17) -> 0 | G17: ='Preise RHH'!D13 -> 1 | H17: =IF(AND($G$9>=$R$9,$G$9<=$T$9),G17*$G$9*$V$9/100,IF(AND($G$9>=$R$8,$G$9<=$T$8),G17*$G$9*$V$8/100,IF(AND($G$9>=$R$7,$G$9<=$T$7),G17*$G$9*$V$7/100,IF($G$9>=$R$10,G17*$G$9*$V$10/100)))) -> 11 | I17: =F17*H17*(100+$G$10)/100 -> 0 | J17: =SUM(T17,AA17,AH17,AO17,AV17,BC17) -> 0 | K17: ='Preise RHH'!F13 -> 1 | L17: =IF(AND($G$9>=$R$9,$G$9<=$T$9),K17*$G$9*$V$9/100,IF(AND($G$9>=$R$8,$G$9<=$T$8),K17*$G$9*$V$8/100,IF(AND($G$9>=$R$7,$G$9<=$T$7),K17*$G$9*$V$7/100,IF($G$9>=$R$10,K17*$G$9*$V$10/100)))) -> 11 | M17: =J17*L17*(100+$G$10)/100 -> 0
A18: 1-2 Uhr | B18: =SUM(N18:R18,U18:Y18,AB18:AF18,AI18:AM18,AP18:AT18,AW18:BA18) -> 0 | C18: ='Preise RHH'!B14 -> 1 | D18: =IF(AND($G$9>=$R$9,$G$9<=$T$9),C18*$G$9*$V$9/100,IF(AND($G$9>=$R$8,$G$9<=$T$8),C18*$G$9*$V$8/100,IF(AND($G$9>=$R$7,$G$9<=$T$7),C18*$G$9*$V$7/100,IF($G$9>=$R$10,C18*$G$9*$V$10/100)))) -> 11 | E18: =B18*D18*(100+$G$10)/100 -> 0 | F18: =SUM(S18,Z18,AG18,AN18,AU18,BB18) -> 0 | G18: ='Preise RHH'!D14 -> 1 | H18: =IF(AND($G$9>=$R$9,$G$9<=$T$9),G18*$G$9*$V$9/100,IF(AND($G$9>=$R$8,$G$9<=$T$8),G18*$G$9*$V$8/100,IF(AND($G$9>=$R$7,$G$9<=$T$7),G18*$G$9*$V$7/100,IF($G$9>=$R$10,G18*$G$9*$V$10/100)))) -> 11 | I18: =F18*H18*(100+$G$10)/100 -> 0 | J18: =SUM(T18,AA18,AH18,AO18,AV18,BC18) -> 0 | K18: ='Preise RHH'!F14 -> 1 | L18: =IF(AND($G$9>=$R$9,$G$9<=$T$9),K18*$G$9*$V$9/100,IF(AND($G$9>=$R$8,$G$9<=$T$8),K18*$G$9*$V$8/100,IF(AND($G$9>=$R$7,$G$9<=$T$7),K18*$G$9*$V$7/100,IF($G$9>=$R$10,K18*$G$9*$V$10/100)))) -> 11 | M18: =J18*L18*(100+$G$10)/100 -> 0
A19: 2-3 Uhr | B19: =SUM(N19:R19,U19:Y19,AB19:AF19,AI19:AM19,AP19:AT19,AW19:BA19) -> 0 | C19: ='Preise RHH'!B15 -> 1 | D19: =IF(AND($G$9>=$R$9,$G$9<=$T$9),C19*$G$9*$V$9/100,IF(AND($G$9>=$R$8,$G$9<=$T$8),C19*$G$9*$V$8/100,IF(AND($G$9>=$R$7,$G$9<=$T$7),C19*$G$9*$V$7/100,IF($G$9>=$R$10,C19*$G$9*$V$10/100)))) -> 11 | E19: =B19*D19*(100+$G$10)/100 -> 0 | F19: =SUM(S19,Z19,AG19,AN19,AU19,BB19) -> 0 | G19: ='Preise RHH'!D15 -> 1 | H19: =IF(AND($G$9>=$R$9,$G$9<=$T$9),G19*$G$9*$V$9/100,IF(AND($G$9>=$R$8,$G$9<=$T$8),G19*$G$9*$V$8/100,IF(AND($G$9>=$R$7,$G$9<=$T$7),G19*$G$9*$V$7/100,IF($G$9>=$R$10,G19*$G$9*$V$10/100)))) -> 11 | I19: =F19*H19*(100+$G$10)/100 -> 0 | J19: =SUM(T19,AA19,AH19,AO19,AV19,BC19) -> 0 | K19: ='Preise RHH'!F15 -> 1 | L19: =IF(AND($G$9>=$R$9,$G$9<=$T$9),K19*$G$9*$V$9/100,IF(AND($G$9>=$R$8,$G$9<=$T$8),K19*$G$9*$V$8/100,IF(AND($G$9>=$R$7,$G$9<=$T$7),K19*$G$9*$V$7/100,IF($G$9>=$R$10,K19*$G$9*$V$10/100)))) -> 11 | M19: =J19*L19*(100+$G$10)/100 -> 0
A20: 3-4 Uhr | B20: =SUM(N20:R20,U20:Y20,AB20:AF20,AI20:AM20,AP20:AT20,AW20:BA20) -> 0 | C20: ='Preise RHH'!B16 -> 1 | D20: =IF(AND($G$9>=$R$9,$G$9<=$T$9),C20*$G$9*$V$9/100,IF(AND($G$9>=$R$8,$G$9<=$T$8),C20*$G$9*$V$8/100,IF(AND($G$9>=$R$7,$G$9<=$T$7),C20*$G$9*$V$7/100,IF($G$9>=$R$10,C20*$G$9*$V$10/100)))) -> 11 | E20: =B20*D20*(100+$G$10)/100 -> 0 | F20: =SUM(S20,Z20,AG20,AN20,AU20,BB20) -> 0 | G20: ='Preise RHH'!D16 -> 1 | H20: =IF(AND($G$9>=$R$9,$G$9<=$T$9),G20*$G$9*$V$9/100,IF(AND($G$9>=$R$8,$G$9<=$T$8),G20*$G$9*$V$8/100,IF(AND($G$9>=$R$7,$G$9<=$T$7),G20*$G$9*$V$7/100,IF($G$9>=$R$10,G20*$G$9*$V$10/100)))) -> 11 | I20: =F20*H20*(100+$G$10)/100 -> 0 | J20: =SUM(T20,AA20,AH20,AO20,AV20,BC20) -> 0 | K20: ='Preise RHH'!F16 -> 1 | L20: =IF(AND($G$9>=$R$9,$G$9<=$T$9),K20*$G$9*$V$9/100,IF(AND($G$9>=$R$8,$G$9<=$T$8),K20*$G$9*$V$8/100,IF(AND($G$9>=$R$7,$G$9<=$T$7),K20*$G$9*$V$7/100,IF($G$9>=$R$10,K20*$G$9*$V$10/100)))) -> 11 | M20: =J20*L20*(100+$G$10)/100 -> 0
A21: 4-5 Uhr | B21: =SUM(N21:R21,U21:Y21,AB21:AF21,AI21:AM21,AP21:AT21,AW21:BA21) -> 0 | C21: ='Preise RHH'!B17 -> 1 | D21: =IF(AND($G$9>=$R$9,$G$9<=$T$9),C21*$G$9*$V$9/100,IF(AND($G$9>=$R$8,$G$9<=$T$8),C21*$G$9*$V$8/100,IF(AND($G$9>=$R$7,$G$9<=$T$7),C21*$G$9*$V$7/100,IF($G$9>=$R$10,C21*$G$9*$V$10/100)))) -> 11 | E21: =B21*D21*(100+$G$10)/100 -> 0 | F21: =SUM(S21,Z21,AG21,AN21,AU21,BB21) -> 0 | G21: ='Preise RHH'!D17 -> 1 | H21: =IF(AND($G$9>=$R$9,$G$9<=$T$9),G21*$G$9*$V$9/100,IF(AND($G$9>=$R$8,$G$9<=$T$8),G21*$G$9*$V$8/100,IF(AND($G$9>=$R$7,$G$9<=$T$7),G21*$G$9*$V$7/100,IF($G$9>=$R$10,G21*$G$9*$V$10/100)))) -> 11 | I21: =F21*H21*(100+$G$10)/100 -> 0 | J21: =SUM(T21,AA21,AH21,AO21,AV21,BC21) -> 0 | K21: ='Preise RHH'!F17 -> 1 | L21: =IF(AND($G$9>=$R$9,$G$9<=$T$9),K21*$G$9*$V$9/100,IF(AND($G$9>=$R$8,$G$9<=$T$8),K21*$G$9*$V$8/100,IF(AND($G$9>=$R$7,$G$9<=$T$7),K21*$G$9*$V$7/100,IF($G$9>=$R$10,K21*$G$9*$V$10/100)))) -> 11 | M21: =J21*L21*(100+$G$10)/100 -> 0
A22: 5-6 Uhr | B22: =SUM(N22:R22,U22:Y22,AB22:AF22,AI22:AM22,AP22:AT22,AW22:BA22) -> 0 | C22: ='Preise RHH'!B18 -> 13 | D22: =IF(AND($G$9>=$R$9,$G$9<=$T$9),C22*$G$9*$V$9/100,IF(AND($G$9>=$R$8,$G$9<=$T$8),C22*$G$9*$V$8/100,IF(AND($G$9>=$R$7,$G$9<=$T$7),C22*$G$9*$V$7/100,IF($G$9>=$R$10,C22*$G$9*$V$10/100)))) -> 143 | E22: =B22*D22*(100+$G$10)/100 -> 0 | F22: =SUM(S22,Z22,AG22,AN22,AU22,BB22) -> 0 | G22: ='Preise RHH'!D18 -> 3 | H22: =IF(AND($G$9>=$R$9,$G$9<=$T$9),G22*$G$9*$V$9/100,IF(AND($G$9>=$R$8,$G$9<=$T$8),G22*$G$9*$V$8/100,IF(AND($G$9>=$R$7,$G$9<=$T$7),G22*$G$9*$V$7/100,IF($G$9>=$R$10,G22*$G$9*$V$10/100)))) -> 33 | I22: =F22*H22*(100+$G$10)/100 -> 0 | J22: =SUM(T22,AA22,AH22,AO22,AV22,BC22) -> 0 | K22: ='Preise RHH'!F18 -> 3 | L22: =IF(AND($G$9>=$R$9,$G$9<=$T$9),K22*$G$9*$V$9/100,IF(AND($G$9>=$R$8,$G$9<=$T$8),K22*$G$9*$V$8/100,IF(AND($G$9>=$R$7,$G$9<=$T$7),K22*$G$9*$V$7/100,IF($G$9>=$R$10,K22*$G$9*$V$10/100)))) -> 33 | M22: =J22*L22*(100+$G$10)/100 -> 0 | BF22: =IF($AJ7<6000,0,0.025) -> 0
A23: 6-7 Uhr | B23: =SUM(N23:R23,U23:Y23,AB23:AF23,AI23:AM23,AP23:AT23,AW23:BA23) -> 0 | C23: ='Preise RHH'!B19 -> 48 | D23: =IF(AND($G$9>=$R$9,$G$9<=$T$9),C23*$G$9*$V$9/100,IF(AND($G$9>=$R$8,$G$9<=$T$8),C23*$G$9*$V$8/100,IF(AND($G$9>=$R$7,$G$9<=$T$7),C23*$G$9*$V$7/100,IF($G$9>=$R$10,C23*$G$9*$V$10/100)))) -> 528 | E23: =B23*D23*(100+$G$10)/100 -> 0 | F23: =SUM(S23,Z23,AG23,AN23,AU23,BB23) -> 0 | G23: ='Preise RHH'!D19 -> 13 | H23: =IF(AND($G$9>=$R$9,$G$9<=$T$9),G23*$G$9*$V$9/100,IF(AND($G$9>=$R$8,$G$9<=$T$8),G23*$G$9*$V$8/100,IF(AND($G$9>=$R$7,$G$9<=$T$7),G23*$G$9*$V$7/100,IF($G$9>=$R$10,G23*$G$9*$V$10/100)))) -> 143 | I23: =F23*H23*(100+$G$10)/100 -> 0 | J23: =SUM(T23,AA23,AH23,AO23,AV23,BC23) -> 0 | K23: ='Preise RHH'!F19 -> 6 | L23: =IF(AND($G$9>=$R$9,$G$9<=$T$9),K23*$G$9*$V$9/100,IF(AND($G$9>=$R$8,$G$9<=$T$8),K23*$G$9*$V$8/100,IF(AND($G$9>=$R$7,$G$9<=$T$7),K23*$G$9*$V$7/100,IF($G$9>=$R$10,K23*$G$9*$V$10/100)))) -> 66 | M23: =J23*L23*(100+$G$10)/100 -> 0 | BF23: =IF($AJ7<9000,0,0.025) -> 0
A24: 7-8 Uhr | B24: =SUM(N24:R24,U24:Y24,AB24:AF24,AI24:AM24,AP24:AT24,AW24:BA24) -> 0 | C24: ='Preise RHH'!B20 -> 67 | D24: =IF(AND($G$9>=$R$9,$G$9<=$T$9),C24*$G$9*$V$9/100,IF(AND($G$9>=$R$8,$G$9<=$T$8),C24*$G$9*$V$8/100,IF(AND($G$9>=$R$7,$G$9<=$T$7),C24*$G$9*$V$7/100,IF($G$9>=$R$10,C24*$G$9*$V$10/100)))) -> 737 | E24: =B24*D24*(100+$G$10)/100 -> 0 | F24: =SUM(S24,Z24,AG24,AN24,AU24,BB24) -> 0 | G24: ='Preise RHH'!D20 -> 40 | H24: =IF(AND($G$9>=$R$9,$G$9<=$T$9),G24*$G$9*$V$9/100,IF(AND($G$9>=$R$8,$G$9<=$T$8),G24*$G$9*$V$8/100,IF(AND($G$9>=$R$7,$G$9<=$T$7),G24*$G$9*$V$7/100,IF($G$9>=$R$10,G24*$G$9*$V$10/100)))) -> 440 | I24: =F24*H24*(100+$G$10)/100 -> 0 | J24: =SUM(T24,AA24,AH24,AO24,AV24,BC24) -> 0 | K24: ='Preise RHH'!F20 -> 13 | L24: =IF(AND($G$9>=$R$9,$G$9<=$T$9),K24*$G$9*$V$9/100,IF(AND($G$9>=$R$8,$G$9<=$T$8),K24*$G$9*$V$8/100,IF(AND($G$9>=$R$7,$G$9<=$T$7),K24*$G$9*$V$7/100,IF($G$9>=$R$10,K24*$G$9*$V$10/100)))) -> 143 | M24: =J24*L24*(100+$G$10)/100 -> 0 | BF24: =IF($AJ7<12000,0,0.05) -> 0
A25: 8-9 Uhr | B25: =SUM(N25:R25,U25:Y25,AB25:AF25,AI25:AM25,AP25:AT25,AW25:BA25) -> 0 | C25: ='Preise RHH'!B21 -> 56 | D25: =IF(AND($G$9>=$R$9,$G$9<=$T$9),C25*$G$9*$V$9/100,IF(AND($G$9>=$R$8,$G$9<=$T$8),C25*$G$9*$V$8/100,IF(AND($G$9>=$R$7,$G$9<=$T$7),C25*$G$9*$V$7/100,IF($G$9>=$R$10,C25*$G$9*$V$10/100)))) -> 616 | E25: =B25*D25*(100+$G$10)/100 -> 0 | F25: =SUM(S25,Z25,AG25,AN25,AU25,BB25) -> 0 | G25: ='Preise RHH'!D21 -> 53 | H25: =IF(AND($G$9>=$R$9,$G$9<=$T$9),G25*$G$9*$V$9/100,IF(AND($G$9>=$R$8,$G$9<=$T$8),G25*$G$9*$V$8/100,IF(AND($G$9>=$R$7,$G$9<=$T$7),G25*$G$9*$V$7/100,IF($G$9>=$R$10,G25*$G$9*$V$10/100)))) -> 583 | I25: =F25*H25*(100+$G$10)/100 -> 0 | J25: =SUM(T25,AA25,AH25,AO25,AV25,BC25) -> 0 | K25: ='Preise RHH'!F21 -> 35 | L25: =IF(AND($G$9>=$R$9,$G$9<=$T$9),K25*$G$9*$V$9/100,IF(AND($G$9>=$R$8,$G$9<=$T$8),K25*$G$9*$V$8/100,IF(AND($G$9>=$R$7,$G$9<=$T$7),K25*$G$9*$V$7/100,IF($G$9>=$R$10,K25*$G$9*$V$10/100)))) -> 385 | M25: =J25*L25*(100+$G$10)/100 -> 0 | BF25: =SUM(BF22:BF24) -> 0 | BG25: =AI8 -> 0 | BH25: =BG25*(1-BF25) -> 0
A26: 9-10 Uhr | B26: =SUM(N26:R26,U26:Y26,AB26:AF26,AI26:AM26,AP26:AT26,AW26:BA26) -> 0 | C26: ='Preise RHH'!B22 -> 43 | D26: =IF(AND($G$9>=$R$9,$G$9<=$T$9),C26*$G$9*$V$9/100,IF(AND($G$9>=$R$8,$G$9<=$T$8),C26*$G$9*$V$8/100,IF(AND($G$9>=$R$7,$G$9<=$T$7),C26*$G$9*$V$7/100,IF($G$9>=$R$10,C26*$G$9*$V$10/100)))) -> 473 | E26: =B26*D26*(100+$G$10)/100 -> 0 | F26: =SUM(S26,Z26,AG26,AN26,AU26,BB26) -> 0 | G26: ='Preise RHH'!D22 -> 66 | H26: =IF(AND($G$9>=$R$9,$G$9<=$T$9),G26*$G$9*$V$9/100,IF(AND($G$9>=$R$8,$G$9<=$T$8),G26*$G$9*$V$8/100,IF(AND($G$9>=$R$7,$G$9<=$T$7),G26*$G$9*$V$7/100,IF($G$9>=$R$10,G26*$G$9*$V$10/100)))) -> 726 | I26: =F26*H26*(100+$G$10)/100 -> 0 | J26: =SUM(T26,AA26,AH26,AO26,AV26,BC26) -> 0 | K26: ='Preise RHH'!F22 -> 53 | L26: =IF(AND($G$9>=$R$9,$G$9<=$T$9),K26*$G$9*$V$9/100,IF(AND($G$9>=$R$8,$G$9<=$T$8),K26*$G$9*$V$8/100,IF(AND($G$9>=$R$7,$G$9<=$T$7),K26*$G$9*$V$7/100,IF($G$9>=$R$10,K26*$G$9*$V$10/100)))) -> 583 | M26: =J26*L26*(100+$G$10)/100 -> 0
A27: 10-11 Uhr | B27: =SUM(N27:R27,U27:Y27,AB27:AF27,AI27:AM27,AP27:AT27,AW27:BA27) -> 0 | C27: ='Preise RHH'!B23 -> 31 | D27: =IF(AND($G$9>=$R$9,$G$9<=$T$9),C27*$G$9*$V$9/100,IF(AND($G$9>=$R$8,$G$9<=$T$8),C27*$G$9*$V$8/100,IF(AND($G$9>=$R$7,$G$9<=$T$7),C27*$G$9*$V$7/100,IF($G$9>=$R$10,C27*$G$9*$V$10/100)))) -> 341 | E27: =B27*D27*(100+$G$10)/100 -> 0 | F27: =SUM(S27,Z27,AG27,AN27,AU27,BB27) -> 0 | G27: ='Preise RHH'!D23 -> 71 | H27: =IF(AND($G$9>=$R$9,$G$9<=$T$9),G27*$G$9*$V$9/100,IF(AND($G$9>=$R$8,$G$9<=$T$8),G27*$G$9*$V$8/100,IF(AND($G$9>=$R$7,$G$9<=$T$7),G27*$G$9*$V$7/100,IF($G$9>=$R$10,G27*$G$9*$V$10/100)))) -> 781 | I27: =F27*H27*(100+$G$10)/100 -> 0 | J27: =SUM(T27,AA27,AH27,AO27,AV27,BC27) -> 0 | K27: ='Preise RHH'!F23 -> 41 | L27: =IF(AND($G$9>=$R$9,$G$9<=$T$9),K27*$G$9*$V$9/100,IF(AND($G$9>=$R$8,$G$9<=$T$8),K27*$G$9*$V$8/100,IF(AND($G$9>=$R$7,$G$9<=$T$7),K27*$G$9*$V$7/100,IF($G$9>=$R$10,K27*$G$9*$V$10/100)))) -> 451 | M27: =J27*L27*(100+$G$10)/100 -> 0
A28: 11-12 Uhr | B28: =SUM(N28:R28,U28:Y28,AB28:AF28,AI28:AM28,AP28:AT28,AW28:BA28) -> 0 | C28: ='Preise RHH'!B24 -> 30 | D28: =IF(AND($G$9>=$R$9,$G$9<=$T$9),C28*$G$9*$V$9/100,IF(AND($G$9>=$R$8,$G$9<=$T$8),C28*$G$9*$V$8/100,IF(AND($G$9>=$R$7,$G$9<=$T$7),C28*$G$9*$V$7/100,IF($G$9>=$R$10,C28*$G$9*$V$10/100)))) -> 330 | E28: =B28*D28*(100+$G$10)/100 -> 0 | F28: =SUM(S28,Z28,AG28,AN28,AU28,BB28) -> 0 | G28: ='Preise RHH'!D24 -> 38 | H28: =IF(AND($G$9>=$R$9,$G$9<=$T$9),G28*$G$9*$V$9/100,IF(AND($G$9>=$R$8,$G$9<=$T$8),G28*$G$9*$V$8/100,IF(AND($G$9>=$R$7,$G$9<=$T$7),G28*$G$9*$V$7/100,IF($G$9>=$R$10,G28*$G$9*$V$10/100)))) -> 418 | I28: =F28*H28*(100+$G$10)/100 -> 0 | J28: =SUM(T28,AA28,AH28,AO28,AV28,BC28) -> 0 | K28: ='Preise RHH'!F24 -> 37 | L28: =IF(AND($G$9>=$R$9,$G$9<=$T$9),K28*$G$9*$V$9/100,IF(AND($G$9>=$R$8,$G$9<=$T$8),K28*$G$9*$V$8/100,IF(AND($G$9>=$R$7,$G$9<=$T$7),K28*$G$9*$V$7/100,IF($G$9>=$R$10,K28*$G$9*$V$10/100)))) -> 407 | M28: =J28*L28*(100+$G$10)/100 -> 0
A29: 12-13 Uhr | B29: =SUM(N29:R29,U29:Y29,AB29:AF29,AI29:AM29,AP29:AT29,AW29:BA29) -> 0 | C29: ='Preise RHH'!B25 -> 30 | D29: =IF(AND($G$9>=$R$9,$G$9<=$T$9),C29*$G$9*$V$9/100,IF(AND($G$9>=$R$8,$G$9<=$T$8),C29*$G$9*$V$8/100,IF(AND($G$9>=$R$7,$G$9<=$T$7),C29*$G$9*$V$7/100,IF($G$9>=$R$10,C29*$G$9*$V$10/100)))) -> 330 | E29: =B29*D29*(100+$G$10)/100 -> 0 | F29: =SUM(S29,Z29,AG29,AN29,AU29,BB29) -> 0 | G29: ='Preise RHH'!D25 -> 38 | H29: =IF(AND($G$9>=$R$9,$G$9<=$T$9),G29*$G$9*$V$9/100,IF(AND($G$9>=$R$8,$G$9<=$T$8),G29*$G$9*$V$8/100,IF(AND($G$9>=$R$7,$G$9<=$T$7),G29*$G$9*$V$7/100,IF($G$9>=$R$10,G29*$G$9*$V$10/100)))) -> 418 | I29: =F29*H29*(100+$G$10)/100 -> 0 | J29: =SUM(T29,AA29,AH29,AO29,AV29,BC29) -> 0 | K29: ='Preise RHH'!F25 -> 23 | L29: =IF(AND($G$9>=$R$9,$G$9<=$T$9),K29*$G$9*$V$9/100,IF(AND($G$9>=$R$8,$G$9<=$T$8),K29*$G$9*$V$8/100,IF(AND($G$9>=$R$7,$G$9<=$T$7),K29*$G$9*$V$7/100,IF($G$9>=$R$10,K29*$G$9*$V$10/100)))) -> 253 | M29: =J29*L29*(100+$G$10)/100 -> 0
A30: 13-14 Uhr | B30: =SUM(N30:R30,U30:Y30,AB30:AF30,AI30:AM30,AP30:AT30,AW30:BA30) -> 0 | C30: ='Preise RHH'!B26 -> 30 | D30: =IF(AND($G$9>=$R$9,$G$9<=$T$9),C30*$G$9*$V$9/100,IF(AND($G$9>=$R$8,$G$9<=$T$8),C30*$G$9*$V$8/100,IF(AND($G$9>=$R$7,$G$9<=$T$7),C30*$G$9*$V$7/100,IF($G$9>=$R$10,C30*$G$9*$V$10/100)))) -> 330 | E30: =B30*D30*(100+$G$10)/100 -> 0 | F30: =SUM(S30,Z30,AG30,AN30,AU30,BB30) -> 0 | G30: ='Preise RHH'!D26 -> 25 | H30: =IF(AND($G$9>=$R$9,$G$9<=$T$9),G30*$G$9*$V$9/100,IF(AND($G$9>=$R$8,$G$9<=$T$8),G30*$G$9*$V$8/100,IF(AND($G$9>=$R$7,$G$9<=$T$7),G30*$G$9*$V$7/100,IF($G$9>=$R$10,G30*$G$9*$V$10/100)))) -> 275 | I30: =F30*H30*(100+$G$10)/100 -> 0 | J30: =SUM(T30,AA30,AH30,AO30,AV30,BC30) -> 0 | K30: ='Preise RHH'!F26 -> 18 | L30: =IF(AND($G$9>=$R$9,$G$9<=$T$9),K30*$G$9*$V$9/100,IF(AND($G$9>=$R$8,$G$9<=$T$8),K30*$G$9*$V$8/100,IF(AND($G$9>=$R$7,$G$9<=$T$7),K30*$G$9*$V$7/100,IF($G$9>=$R$10,K30*$G$9*$V$10/100)))) -> 198 | M30: =J30*L30*(100+$G$10)/100 -> 0
A31: 14-15 Uhr | B31: =SUM(N31:R31,U31:Y31,AB31:AF31,AI31:AM31,AP31:AT31,AW31:BA31) -> 0 | C31: ='Preise RHH'!B27 -> 30 | D31: =IF(AND($G$9>=$R$9,$G$9<=$T$9),C31*$G$9*$V$9/100,IF(AND($G$9>=$R$8,$G$9<=$T$8),C31*$G$9*$V$8/100,IF(AND($G$9>=$R$7,$G$9<=$T$7),C31*$G$9*$V$7/100,IF($G$9>=$R$10,C31*$G$9*$V$10/100)))) -> 330 | E31: =B31*D31*(100+$G$10)/100 -> 0 | F31: =SUM(S31,Z31,AG31,AN31,AU31,BB31) -> 0 | G31: ='Preise RHH'!D27 -> 24 | H31: =IF(AND($G$9>=$R$9,$G$9<=$T$9),G31*$G$9*$V$9/100,IF(AND($G$9>=$R$8,$G$9<=$T$8),G31*$G$9*$V$8/100,IF(AND($G$9>=$R$7,$G$9<=$T$7),G31*$G$9*$V$7/100,IF($G$9>=$R$10,G31*$G$9*$V$10/100)))) -> 264 | I31: =F31*H31*(100+$G$10)/100 -> 0 | J31: =SUM(T31,AA31,AH31,AO31,AV31,BC31) -> 0 | K31: ='Preise RHH'!F27 -> 17 | L31: =IF(AND($G$9>=$R$9,$G$9<=$T$9),K31*$G$9*$V$9/100,IF(AND($G$9>=$R$8,$G$9<=$T$8),K31*$G$9*$V$8/100,IF(AND($G$9>=$R$7,$G$9<=$T$7),K31*$G$9*$V$7/100,IF($G$9>=$R$10,K31*$G$9*$V$10/100)))) -> 187 | M31: =J31*L31*(100+$G$10)/100 -> 0
A32: 15-16 Uhr | B32: =SUM(N32:R32,U32:Y32,AB32:AF32,AI32:AM32,AP32:AT32,AW32:BA32) -> 0 | C32: ='Preise RHH'!B28 -> 30 | D32: =IF(AND($G$9>=$R$9,$G$9<=$T$9),C32*$G$9*$V$9/100,IF(AND($G$9>=$R$8,$G$9<=$T$8),C32*$G$9*$V$8/100,IF(AND($G$9>=$R$7,$G$9<=$T$7),C32*$G$9*$V$7/100,IF($G$9>=$R$10,C32*$G$9*$V$10/100)))) -> 330 | E32: =B32*D32*(100+$G$10)/100 -> 0 | F32: =SUM(S32,Z32,AG32,AN32,AU32,BB32) -> 0 | G32: ='Preise RHH'!D28 -> 21 | H32: =IF(AND($G$9>=$R$9,$G$9<=$T$9),G32*$G$9*$V$9/100,IF(AND($G$9>=$R$8,$G$9<=$T$8),G32*$G$9*$V$8/100,IF(AND($G$9>=$R$7,$G$9<=$T$7),G32*$G$9*$V$7/100,IF($G$9>=$R$10,G32*$G$9*$V$10/100)))) -> 231 | I32: =F32*H32*(100+$G$10)/100 -> 0 | J32: =SUM(T32,AA32,AH32,AO32,AV32,BC32) -> 0 | K32: ='Preise RHH'!F28 -> 18 | L32: =IF(AND($G$9>=$R$9,$G$9<=$T$9),K32*$G$9*$V$9/100,IF(AND($G$9>=$R$8,$G$9<=$T$8),K32*$G$9*$V$8/100,IF(AND($G$9>=$R$7,$G$9<=$T$7),K32*$G$9*$V$7/100,IF($G$9>=$R$10,K32*$G$9*$V$10/100)))) -> 198 | M32: =J32*L32*(100+$G$10)/100 -> 0
A33: 16-17 Uhr | B33: =SUM(N33:R33,U33:Y33,AB33:AF33,AI33:AM33,AP33:AT33,AW33:BA33) -> 0 | C33: ='Preise RHH'!B29 -> 31 | D33: =IF(AND($G$9>=$R$9,$G$9<=$T$9),C33*$G$9*$V$9/100,IF(AND($G$9>=$R$8,$G$9<=$T$8),C33*$G$9*$V$8/100,IF(AND($G$9>=$R$7,$G$9<=$T$7),C33*$G$9*$V$7/100,IF($G$9>=$R$10,C33*$G$9*$V$10/100)))) -> 341 | E33: =B33*D33*(100+$G$10)/100 -> 0 | F33: =SUM(S33,Z33,AG33,AN33,AU33,BB33) -> 0 | G33: ='Preise RHH'!D29 -> 17 | H33: =IF(AND($G$9>=$R$9,$G$9<=$T$9),G33*$G$9*$V$9/100,IF(AND($G$9>=$R$8,$G$9<=$T$8),G33*$G$9*$V$8/100,IF(AND($G$9>=$R$7,$G$9<=$T$7),G33*$G$9*$V$7/100,IF($G$9>=$R$10,G33*$G$9*$V$10/100)))) -> 187 | I33: =F33*H33*(100+$G$10)/100 -> 0 | J33: =SUM(T33,AA33,AH33,AO33,AV33,BC33) -> 0 | K33: ='Preise RHH'!F29 -> 22 | L33: =IF(AND($G$9>=$R$9,$G$9<=$T$9),K33*$G$9*$V$9/100,IF(AND($G$9>=$R$8,$G$9<=$T$8),K33*$G$9*$V$8/100,IF(AND($G$9>=$R$7,$G$9<=$T$7),K33*$G$9*$V$7/100,IF($G$9>=$R$10,K33*$G$9*$V$10/100)))) -> 242 | M33: =J33*L33*(100+$G$10)/100 -> 0
A34: 17-18 Uhr | B34: =SUM(N34:R34,U34:Y34,AB34:AF34,AI34:AM34,AP34:AT34,AW34:BA34) -> 0 | C34: ='Preise RHH'!B30 -> 30 | D34: =IF(AND($G$9>=$R$9,$G$9<=$T$9),C34*$G$9*$V$9/100,IF(AND($G$9>=$R$8,$G$9<=$T$8),C34*$G$9*$V$8/100,IF(AND($G$9>=$R$7,$G$9<=$T$7),C34*$G$9*$V$7/100,IF($G$9>=$R$10,C34*$G$9*$V$10/100)))) -> 330 | E34: =B34*D34*(100+$G$10)/100 -> 0 | F34: =SUM(S34,Z34,AG34,AN34,AU34,BB34) -> 0 | G34: ='Preise RHH'!D30 -> 14 | H34: =IF(AND($G$9>=$R$9,$G$9<=$T$9),G34*$G$9*$V$9/100,IF(AND($G$9>=$R$8,$G$9<=$T$8),G34*$G$9*$V$8/100,IF(AND($G$9>=$R$7,$G$9<=$T$7),G34*$G$9*$V$7/100,IF($G$9>=$R$10,G34*$G$9*$V$10/100)))) -> 154 | I34: =F34*H34*(100+$G$10)/100 -> 0 | J34: =SUM(T34,AA34,AH34,AO34,AV34,BC34) -> 0 | K34: ='Preise RHH'!F30 -> 17 | L34: =IF(AND($G$9>=$R$9,$G$9<=$T$9),K34*$G$9*$V$9/100,IF(AND($G$9>=$R$8,$G$9<=$T$8),K34*$G$9*$V$8/100,IF(AND($G$9>=$R$7,$G$9<=$T$7),K34*$G$9*$V$7/100,IF($G$9>=$R$10,K34*$G$9*$V$10/100)))) -> 187 | M34: =J34*L34*(100+$G$10)/100 -> 0
A35: 18-19 Uhr | B35: =SUM(N35:R35,U35:Y35,AB35:AF35,AI35:AM35,AP35:AT35,AW35:BA35) -> 0 | C35: ='Preise RHH'!B31 -> 23 | D35: =IF(AND($G$9>=$R$9,$G$9<=$T$9),C35*$G$9*$V$9/100,IF(AND($G$9>=$R$8,$G$9<=$T$8),C35*$G$9*$V$8/100,IF(AND($G$9>=$R$7,$G$9<=$T$7),C35*$G$9*$V$7/100,IF($G$9>=$R$10,C35*$G$9*$V$10/100)))) -> 253 | E35: =B35*D35*(100+$G$10)/100 -> 0 | F35: =SUM(S35,Z35,AG35,AN35,AU35,BB35) -> 0 | G35: ='Preise RHH'!D31 -> 9 | H35: =IF(AND($G$9>=$R$9,$G$9<=$T$9),G35*$G$9*$V$9/100,IF(AND($G$9>=$R$8,$G$9<=$T$8),G35*$G$9*$V$8/100,IF(AND($G$9>=$R$7,$G$9<=$T$7),G35*$G$9*$V$7/100,IF($G$9>=$R$10,G35*$G$9*$V$10/100)))) -> 99 | I35: =F35*H35*(100+$G$10)/100 -> 0 | J35: =SUM(T35,AA35,AH35,AO35,AV35,BC35) -> 0 | K35: ='Preise RHH'!F31 -> 8 | L35: =IF(AND($G$9>=$R$9,$G$9<=$T$9),K35*$G$9*$V$9/100,IF(AND($G$9>=$R$8,$G$9<=$T$8),K35*$G$9*$V$8/100,IF(AND($G$9>=$R$7,$G$9<=$T$7),K35*$G$9*$V$7/100,IF($G$9>=$R$10,K35*$G$9*$V$10/100)))) -> 88 | M35: =J35*L35*(100+$G$10)/100 -> 0
A36: 19-20 Uhr | B36: =SUM(N36:R36,U36:Y36,AB36:AF36,AI36:AM36,AP36:AT36,AW36:BA36) -> 0 | C36: ='Preise RHH'!B32 -> 9 | D36: =IF(AND($G$9>=$R$9,$G$9<=$T$9),C36*$G$9*$V$9/100,IF(AND($G$9>=$R$8,$G$9<=$T$8),C36*$G$9*$V$8/100,IF(AND($G$9>=$R$7,$G$9<=$T$7),C36*$G$9*$V$7/100,IF($G$9>=$R$10,C36*$G$9*$V$10/100)))) -> 99 | E36: =B36*D36*(100+$G$10)/100 -> 0 | F36: =SUM(S36,Z36,AG36,AN36,AU36,BB36) -> 0 | G36: ='Preise RHH'!D32 -> 6 | H36: =IF(AND($G$9>=$R$9,$G$9<=$T$9),G36*$G$9*$V$9/100,IF(AND($G$9>=$R$8,$G$9<=$T$8),G36*$G$9*$V$8/100,IF(AND($G$9>=$R$7,$G$9<=$T$7),G36*$G$9*$V$7/100,IF($G$9>=$R$10,G36*$G$9*$V$10/100)))) -> 66 | I36: =F36*H36*(100+$G$10)/100 -> 0 | J36: =SUM(T36,AA36,AH36,AO36,AV36,BC36) -> 0 | K36: ='Preise RHH'!F32 -> 5 | L36: =IF(AND($G$9>=$R$9,$G$9<=$T$9),K36*$G$9*$V$9/100,IF(AND($G$9>=$R$8,$G$9<=$T$8),K36*$G$9*$V$8/100,IF(AND($G$9>=$R$7,$G$9<=$T$7),K36*$G$9*$V$7/100,IF($G$9>=$R$10,K36*$G$9*$V$10/100)))) -> 55 | M36: =J36*L36*(100+$G$10)/100 -> 0
A37: 20-21 Uhr | B37: =SUM(N37:R37,U37:Y37,AB37:AF37,AI37:AM37,AP37:AT37,AW37:BA37) -> 0 | C37: ='Preise RHH'!B33 -> 6 | D37: =IF(AND($G$9>=$R$9,$G$9<=$T$9),C37*$G$9*$V$9/100,IF(AND($G$9>=$R$8,$G$9<=$T$8),C37*$G$9*$V$8/100,IF(AND($G$9>=$R$7,$G$9<=$T$7),C37*$G$9*$V$7/100,IF($G$9>=$R$10,C37*$G$9*$V$10/100)))) -> 66 | E37: =B37*D37*(100+$G$10)/100 -> 0 | F37: =SUM(S37,Z37,AG37,AN37,AU37,BB37) -> 0 | G37: ='Preise RHH'!D33 -> 2 | H37: =IF(AND($G$9>=$R$9,$G$9<=$T$9),G37*$G$9*$V$9/100,IF(AND($G$9>=$R$8,$G$9<=$T$8),G37*$G$9*$V$8/100,IF(AND($G$9>=$R$7,$G$9<=$T$7),G37*$G$9*$V$7/100,IF($G$9>=$R$10,G37*$G$9*$V$10/100)))) -> 22 | I37: =F37*H37*(100+$G$10)/100 -> 0 | J37: =SUM(T37,AA37,AH37,AO37,AV37,BC37) -> 0 | K37: ='Preise RHH'!F33 -> 2 | L37: =IF(AND($G$9>=$R$9,$G$9<=$T$9),K37*$G$9*$V$9/100,IF(AND($G$9>=$R$8,$G$9<=$T$8),K37*$G$9*$V$8/100,IF(AND($G$9>=$R$7,$G$9<=$T$7),K37*$G$9*$V$7/100,IF($G$9>=$R$10,K37*$G$9*$V$10/100)))) -> 22 | M37: =J37*L37*(100+$G$10)/100 -> 0
... A40: 23-24 Uhr | B40: =SUM(N40:R40,U40:Y40,AB40:AF40,AI40:AM40,AP40:AT40,AW40:BA40) -> 0 | C40: ='Preise RHH'!B36 -> 2 | D40: =IF(AND($G$9>=$R$9,$G$9<=$T$9),C40*$G$9*$V$9/100,IF(AND($G$9>=$R$8,$G$9<=$T$8),C40*$G$9*$V$8/100,IF(AND($G$9>=$R$7,$G$9<=$T$7),C40*$G$9*$V$7/100,IF($G$9>=$R$10,C40*$G$9*$V$10/100)))) -> 22 | E40: =B40*D40*(100+$G$10)/100 -> 0 | F40: =SUM(S40,Z40,AG40,AN40,AU40,BB40) -> 0 | G40: ='Preise RHH'!D36 -> 1 | H40: =IF(AND($G$9>=$R$9,$G$9<=$T$9),G40*$G$9*$V$9/100,IF(AND($G$9>=$R$8,$G$9<=$T$8),G40*$G$9*$V$8/100,IF(AND($G$9>=$R$7,$G$9<=$T$7),G40*$G$9*$V$7/100,IF($G$9>=$R$10,G40*$G$9*$V$10/100)))) -> 11 | I40: =F40*H40*(100+$G$10)/100 -> 0 | J40: =SUM(T40,AA40,AH40,AO40,AV40,BC40) -> 0 | K40: ='Preise RHH'!F36 -> 1 | L40: =IF(AND($G$9>=$R$9,$G$9<=$T$9),K40*$G$9*$V$9/100,IF(AND($G$9>=$R$8,$G$9<=$T$8),K40*$G$9*$V$8/100,IF(AND($G$9>=$R$7,$G$9<=$T$7),K40*$G$9*$V$7/100,IF($G$9>=$R$10,K40*$G$9*$V$10/100)))) -> 11 | M40: =J40*L40*(100+$G$10)/100 -> 0
A41: SUMME | B41: =SUM(B17:B40) -> 0 | E41: =SUM(E17:E40) -> 0 | F41: =SUM(F17:F40) -> 0 | I41: =SUM(I17:I40) -> 0 | J41: =SUM(J17:J40) -> 0 | M41: =SUM(M17:M40) -> 0 | N41: =SUM(N22:N40) -> 0 | O41: =SUM(O22:O40) -> 0 | P41: =SUM(P22:P40) -> 0 | Q41: =SUM(Q22:Q40) -> 0 | R41: =SUM(R22:R40) -> 0 | S41: =SUM(S22:S40) -> 0 | T41: =SUM(T22:T40) -> 0 | U41: =SUM(U22:U40) -> 0 | ... BC41: =SUM(BC22:BC40) -> 0

Sheet Preise 80er 90er OAHH
A1: Preise 2026 (gültig ab 1. Januar 2026) | E1: Bitte Wochentag und Zeitschine per Dropdown auswählen. Anzahl der Spots, Sekundenlänge und ggf. Rabatte eingeben
E2: Berechnung | P2: Spotlängenbonus | T2: Index
E3: Wochentag | F3: Zeitschiene | G3: Anzahl Spots | H3: Invesition pro Spot | I3: Gesamtinvestition | J3: Abzgl. Cash-Rabatt | K3: Abzgl. 15%AE | L3: N/N Invest | M3: kummulierter Rabatt | N3: Payfaktor | P3: 1 | Q3: - | R3: 15 | S3: Sekunden | T3: 110
E4: Mo-So | F4: ø 08-24 | H4: =IF($E$4=$J$11,VLOOKUP($F$4,$A$37:$K$78,11,0),IF($E$4=$H$11,VLOOKUP($F$4,$A$37:$K$78,9,0),IF($E$4=$F$11,VLOOKUP($F$4,$A$37:$K$78,7,0),IF($E$4=$D$11,VLOOKUP($F$4,$A$37:$K$78,5,0),IF($E$4=$B$11,VLOOKUP($F$4,$A$37:$K$78,3,0)))))) -> 109.55357 | I4: =H4*G4 -> 0 | L4: =(I4-(I4*J4))-(I4-(I4*J4))*K4 -> 0 | M4: =1-L4/I4 -> #DIV/0! | N4: =(1-M4)*100 -> #DIV/0! | P4: 16 | Q4: - | R4: 24 | S4: Sekunden | T4: 105
E5: Mo-Fr | F5: ø 06-18 | H5: =IF($E$5=$J$11,VLOOKUP($F$5,$A$37:$K$78,11,0),IF($E$5=$H$11,VLOOKUP($F$5,$A$37:$K$78,9,0),IF($E$5=$F$11,VLOOKUP($F$5,$A$37:$K$78,7,0),IF($E$5=$D$11,VLOOKUP($F$5,$A$37:$K$78,5,0),IF($E$5=$B$11,VLOOKUP($F$5,$A$37:$K$78,3,0)))))) -> 150 | I5: =H5*G5 -> 0 | L5: =(I5-(I5*J5))-(I5-(I5*J5))*K5 -> 0 | M5: =1-L5/I5 -> #DIV/0! | N5: =(1-M5)*100 -> #DIV/0! | P5: 25 | Q5: - | R5: 34 | S5: Sekunden | T5: 100
E6: Mo-Fr | F6: ø 06-18 | H6: =IF($E$6=$J$11,VLOOKUP($F$6,$A$37:$K$78,11,0),IF($E$6=$H$11,VLOOKUP($F$6,$A$37:$K$78,9,0),IF($E$6=$F$11,VLOOKUP($F$6,$A$37:$K$78,7,0),IF($E$6=$D$11,VLOOKUP($F$6,$A$37:$K$78,5,0),IF($E$6=$B$11,VLOOKUP($F$6,$A$37:$K$78,3,0)))))) -> 150 | I6: =H6*G6 -> 0 | L6: =(I6-(I6*J6))-(I6-(I6*J6))*K6 -> 0 | M6: =1-L6/I6 -> #DIV/0! | N6: =(1-M6)*100 -> #DIV/0! | P6: 35 | Q6: - | R6: 99 | S6: Sekunden | T6: 95
A7: Sekundenlänge: | C7: 30 | E7: Mo-Fr | F7: ø 06-18 | H7: =IF($E$7=$J$11,VLOOKUP($F$7,$A$37:$K$78,11,0),IF($E$7=$H$11,VLOOKUP($F$7,$A$37:$K$78,9,0),IF($E$7=$F$11,VLOOKUP($F$7,$A$37:$K$78,7,0),IF($E$7=$D$11,VLOOKUP($F$7,$A$37:$K$78,5,0),IF($E$7=$B$11,VLOOKUP($F$7,$A$37:$K$78,3,0)))))) -> 150 | I7: =H7*G7 -> 0 | L7: =(I7-(I7*J7))-(I7-(I7*J7))*K7 -> 0 | M7: =1-L7/I7 -> #DIV/0! | N7: =(1-M7)*100 -> #DIV/0!
A8: Single-Spot max 45 Sek. Berechnung: Länge + 50% | L8: =SUM(L4:L7) -> 0
A9: Erst-Letzt-Platzierung Berechnung: Länge + 30%
A10: SPOTPREIS
B11: Mo-Fr | D11: Sa | F11: So | H11: MO-SA | J11: MO-SO
A12: ZEITSCHIENE | B12: €/SEK. (Index 100) | C12: €/SPOT | D12: €/SEK. (Index 100) | E12: €/SPOT | F12: €/SEK. (Index 100) | G12: €/SPOT | H12: €/SEK. (Index 100) | I12: €/SPOT | J12: €/SEK. (Index 100) | K12: €/SPOT
A13: 0-1 | B13: 1 | C13: =IF(AND($C$7>=$P$5,$C$7<=$R$5),B13*$C$7*$T$5/100,IF(AND($C$7>=$P$4,$C$7<=$R$4),B13*$C$7*$T$4/100,IF(AND($C$7>=$P$3,$C$7<=$R$3),B13*$C$7*$T$3/100,IF($C$7>=$P$6,B13*$C$7*$T$6/100)))) -> 30 | D13: 1 | E13: =IF(AND($C$7>=$P$5,$C$7<=$R$5),D13*$C$7*$T$5/100,IF(AND($C$7>=$P$4,$C$7<=$R$4),D13*$C$7*$T$4/100,IF(AND($C$7>=$P$3,$C$7<=$R$3),D13*$C$7*$T$3/100,IF($C$7>=$P$6,D13*$C$7*$T$6/100)))) -> 30 | F13: 1 | G13: =IF(AND($C$7>=$P$5,$C$7<=$R$5),F13*$C$7*$T$5/100,IF(AND($C$7>=$P$4,$C$7<=$R$4),F13*$C$7*$T$4/100,IF(AND($C$7>=$P$3,$C$7<=$R$3),F13*$C$7*$T$3/100,IF($C$7>=$P$6,F13*$C$7*$T$6/100)))) -> 30 | H13: =((B13*5)+D13)/6 -> 1 | I13: =IF(AND($C$7>=$P$5,$C$7<=$R$5),H13*$C$7*$T$5/100,IF(AND($C$7>=$P$4,$C$7<=$R$4),H13*$C$7*$T$4/100,IF(AND($C$7>=$P$3,$C$7<=$R$3),H13*$C$7*$T$3/100,IF($C$7>=$P$6,H13*$C$7*$T$6/100)))) -> 30 | J13: =((B13*5)+D13+F13)/7 -> 1 | K13: =IF(AND($C$7>=$P$5,$C$7<=$R$5),J13*$C$7*$T$5/100,IF(AND($C$7>=$P$4,$C$7<=$R$4),J13*$C$7*$T$4/100,IF(AND($C$7>=$P$3,$C$7<=$R$3),J13*$C$7*$T$3/100,IF($C$7>=$P$6,J13*$C$7*$T$6/100)))) -> 30
A14: 1-2 | B14: 1 | C14: =IF(AND($C$7>=$P$5,$C$7<=$R$5),B14*$C$7*$T$5/100,IF(AND($C$7>=$P$4,$C$7<=$R$4),B14*$C$7*$T$4/100,IF(AND($C$7>=$P$3,$C$7<=$R$3),B14*$C$7*$T$3/100,IF($C$7>=$P$6,B14*$C$7*$T$6/100)))) -> 30 | D14: 1 | E14: =IF(AND($C$7>=$P$5,$C$7<=$R$5),D14*$C$7*$T$5/100,IF(AND($C$7>=$P$4,$C$7<=$R$4),D14*$C$7*$T$4/100,IF(AND($C$7>=$P$3,$C$7<=$R$3),D14*$C$7*$T$3/100,IF($C$7>=$P$6,D14*$C$7*$T$6/100)))) -> 30 | F14: 1 | G14: =IF(AND($C$7>=$P$5,$C$7<=$R$5),F14*$C$7*$T$5/100,IF(AND($C$7>=$P$4,$C$7<=$R$4),F14*$C$7*$T$4/100,IF(AND($C$7>=$P$3,$C$7<=$R$3),F14*$C$7*$T$3/100,IF($C$7>=$P$6,F14*$C$7*$T$6/100)))) -> 30 | H14: =((B14*5)+D14)/6 -> 1 | I14: =IF(AND($C$7>=$P$5,$C$7<=$R$5),H14*$C$7*$T$5/100,IF(AND($C$7>=$P$4,$C$7<=$R$4),H14*$C$7*$T$4/100,IF(AND($C$7>=$P$3,$C$7<=$R$3),H14*$C$7*$T$3/100,IF($C$7>=$P$6,H14*$C$7*$T$6/100)))) -> 30 | J14: =((B14*5)+D14+F14)/7 -> 1 | K14: =IF(AND($C$7>=$P$5,$C$7<=$R$5),J14*$C$7*$T$5/100,IF(AND($C$7>=$P$4,$C$7<=$R$4),J14*$C$7*$T$4/100,IF(AND($C$7>=$P$3,$C$7<=$R$3),J14*$C$7*$T$3/100,IF($C$7>=$P$6,J14*$C$7*$T$6/100)))) -> 30
A15: 2-3 | B15: 1 | C15: =IF(AND($C$7>=$P$5,$C$7<=$R$5),B15*$C$7*$T$5/100,IF(AND($C$7>=$P$4,$C$7<=$R$4),B15*$C$7*$T$4/100,IF(AND($C$7>=$P$3,$C$7<=$R$3),B15*$C$7*$T$3/100,IF($C$7>=$P$6,B15*$C$7*$T$6/100)))) -> 30 | D15: 1 | E15: =IF(AND($C$7>=$P$5,$C$7<=$R$5),D15*$C$7*$T$5/100,IF(AND($C$7>=$P$4,$C$7<=$R$4),D15*$C$7*$T$4/100,IF(AND($C$7>=$P$3,$C$7<=$R$3),D15*$C$7*$T$3/100,IF($C$7>=$P$6,D15*$C$7*$T$6/100)))) -> 30 | F15: 1 | G15: =IF(AND($C$7>=$P$5,$C$7<=$R$5),F15*$C$7*$T$5/100,IF(AND($C$7>=$P$4,$C$7<=$R$4),F15*$C$7*$T$4/100,IF(AND($C$7>=$P$3,$C$7<=$R$3),F15*$C$7*$T$3/100,IF($C$7>=$P$6,F15*$C$7*$T$6/100)))) -> 30 | H15: =((B15*5)+D15)/6 -> 1 | I15: =IF(AND($C$7>=$P$5,$C$7<=$R$5),H15*$C$7*$T$5/100,IF(AND($C$7>=$P$4,$C$7<=$R$4),H15*$C$7*$T$4/100,IF(AND($C$7>=$P$3,$C$7<=$R$3),H15*$C$7*$T$3/100,IF($C$7>=$P$6,H15*$C$7*$T$6/100)))) -> 30 | J15: =((B15*5)+D15+F15)/7 -> 1 | K15: =IF(AND($C$7>=$P$5,$C$7<=$R$5),J15*$C$7*$T$5/100,IF(AND($C$7>=$P$4,$C$7<=$R$4),J15*$C$7*$T$4/100,IF(AND($C$7>=$P$3,$C$7<=$R$3),J15*$C$7*$T$3/100,IF($C$7>=$P$6,J15*$C$7*$T$6/100)))) -> 30
A16: 3-4 | B16: 1 | C16: =IF(AND($C$7>=$P$5,$C$7<=$R$5),B16*$C$7*$T$5/100,IF(AND($C$7>=$P$4,$C$7<=$R$4),B16*$C$7*$T$4/100,IF(AND($C$7>=$P$3,$C$7<=$R$3),B16*$C$7*$T$3/100,IF($C$7>=$P$6,B16*$C$7*$T$6/100)))) -> 30 | D16: 1 | E16: =IF(AND($C$7>=$P$5,$C$7<=$R$5),D16*$C$7*$T$5/100,IF(AND($C$7>=$P$4,$C$7<=$R$4),D16*$C$7*$T$4/100,IF(AND($C$7>=$P$3,$C$7<=$R$3),D16*$C$7*$T$3/100,IF($C$7>=$P$6,D16*$C$7*$T$6/100)))) -> 30 | F16: 1 | G16: =IF(AND($C$7>=$P$5,$C$7<=$R$5),F16*$C$7*$T$5/100,IF(AND($C$7>=$P$4,$C$7<=$R$4),F16*$C$7*$T$4/100,IF(AND($C$7>=$P$3,$C$7<=$R$3),F16*$C$7*$T$3/100,IF($C$7>=$P$6,F16*$C$7*$T$6/100)))) -> 30 | H16: =((B16*5)+D16)/6 -> 1 | I16: =IF(AND($C$7>=$P$5,$C$7<=$R$5),H16*$C$7*$T$5/100,IF(AND($C$7>=$P$4,$C$7<=$R$4),H16*$C$7*$T$4/100,IF(AND($C$7>=$P$3,$C$7<=$R$3),H16*$C$7*$T$3/100,IF($C$7>=$P$6,H16*$C$7*$T$6/100)))) -> 30 | J16: =((B16*5)+D16+F16)/7 -> 1 | K16: =IF(AND($C$7>=$P$5,$C$7<=$R$5),J16*$C$7*$T$5/100,IF(AND($C$7>=$P$4,$C$7<=$R$4),J16*$C$7*$T$4/100,IF(AND($C$7>=$P$3,$C$7<=$R$3),J16*$C$7*$T$3/100,IF($C$7>=$P$6,J16*$C$7*$T$6/100)))) -> 30
A17: 4-5 | B17: 1 | C17: =IF(AND($C$7>=$P$5,$C$7<=$R$5),B17*$C$7*$T$5/100,IF(AND($C$7>=$P$4,$C$7<=$R$4),B17*$C$7*$T$4/100,IF(AND($C$7>=$P$3,$C$7<=$R$3),B17*$C$7*$T$3/100,IF($C$7>=$P$6,B17*$C$7*$T$6/100)))) -> 30 | D17: 1 | E17: =IF(AND($C$7>=$P$5,$C$7<=$R$5),D17*$C$7*$T$5/100,IF(AND($C$7>=$P$4,$C$7<=$R$4),D17*$C$7*$T$4/100,IF(AND($C$7>=$P$3,$C$7<=$R$3),D17*$C$7*$T$3/100,IF($C$7>=$P$6,D17*$C$7*$T$6/100)))) -> 30 | F17: 1 | G17: =IF(AND($C$7>=$P$5,$C$7<=$R$5),F17*$C$7*$T$5/100,IF(AND($C$7>=$P$4,$C$7<=$R$4),F17*$C$7*$T$4/100,IF(AND($C$7>=$P$3,$C$7<=$R$3),F17*$C$7*$T$3/100,IF($C$7>=$P$6,F17*$C$7*$T$6/100)))) -> 30 | H17: =((B17*5)+D17)/6 -> 1 | I17: =IF(AND($C$7>=$P$5,$C$7<=$R$5),H17*$C$7*$T$5/100,IF(AND($C$7>=$P$4,$C$7<=$R$4),H17*$C$7*$T$4/100,IF(AND($C$7>=$P$3,$C$7<=$R$3),H17*$C$7*$T$3/100,IF($C$7>=$P$6,H17*$C$7*$T$6/100)))) -> 30 | J17: =((B17*5)+D17+F17)/7 -> 1 | K17: =IF(AND($C$7>=$P$5,$C$7<=$R$5),J17*$C$7*$T$5/100,IF(AND($C$7>=$P$4,$C$7<=$R$4),J17*$C$7*$T$4/100,IF(AND($C$7>=$P$3,$C$7<=$R$3),J17*$C$7*$T$3/100,IF($C$7>=$P$6,J17*$C$7*$T$6/100)))) -> 30
A18: 5-6 | B18: 1 | C18: =IF(AND($C$7>=$P$5,$C$7<=$R$5),B18*$C$7*$T$5/100,IF(AND($C$7>=$P$4,$C$7<=$R$4),B18*$C$7*$T$4/100,IF(AND($C$7>=$P$3,$C$7<=$R$3),B18*$C$7*$T$3/100,IF($C$7>=$P$6,B18*$C$7*$T$6/100)))) -> 30 | D18: 1 | E18: =IF(AND($C$7>=$P$5,$C$7<=$R$5),D18*$C$7*$T$5/100,IF(AND($C$7>=$P$4,$C$7<=$R$4),D18*$C$7*$T$4/100,IF(AND($C$7>=$P$3,$C$7<=$R$3),D18*$C$7*$T$3/100,IF($C$7>=$P$6,D18*$C$7*$T$6/100)))) -> 30 | F18: 1 | G18: =IF(AND($C$7>=$P$5,$C$7<=$R$5),F18*$C$7*$T$5/100,IF(AND($C$7>=$P$4,$C$7<=$R$4),F18*$C$7*$T$4/100,IF(AND($C$7>=$P$3,$C$7<=$R$3),F18*$C$7*$T$3/100,IF($C$7>=$P$6,F18*$C$7*$T$6/100)))) -> 30 | H18: =((B18*5)+D18)/6 -> 1 | I18: =IF(AND($C$7>=$P$5,$C$7<=$R$5),H18*$C$7*$T$5/100,IF(AND($C$7>=$P$4,$C$7<=$R$4),H18*$C$7*$T$4/100,IF(AND($C$7>=$P$3,$C$7<=$R$3),H18*$C$7*$T$3/100,IF($C$7>=$P$6,H18*$C$7*$T$6/100)))) -> 30 | J18: =((B18*5)+D18+F18)/7 -> 1 | K18: =IF(AND($C$7>=$P$5,$C$7<=$R$5),J18*$C$7*$T$5/100,IF(AND($C$7>=$P$4,$C$7<=$R$4),J18*$C$7*$T$4/100,IF(AND($C$7>=$P$3,$C$7<=$R$3),J18*$C$7*$T$3/100,IF($C$7>=$P$6,J18*$C$7*$T$6/100)))) -> 30
A19: 6-7 | B19: 5 | C19: =IF(AND($C$7>=$P$5,$C$7<=$R$5),B19*$C$7*$T$5/100,IF(AND($C$7>=$P$4,$C$7<=$R$4),B19*$C$7*$T$4/100,IF(AND($C$7>=$P$3,$C$7<=$R$3),B19*$C$7*$T$3/100,IF($C$7>=$P$6,B19*$C$7*$T$6/100)))) -> 150 | D19: 2 | E19: =IF(AND($C$7>=$P$5,$C$7<=$R$5),D19*$C$7*$T$5/100,IF(AND($C$7>=$P$4,$C$7<=$R$4),D19*$C$7*$T$4/100,IF(AND($C$7>=$P$3,$C$7<=$R$3),D19*$C$7*$T$3/100,IF($C$7>=$P$6,D19*$C$7*$T$6/100)))) -> 60 | F19: 1 | G19: =IF(AND($C$7>=$P$5,$C$7<=$R$5),F19*$C$7*$T$5/100,IF(AND($C$7>=$P$4,$C$7<=$R$4),F19*$C$7*$T$4/100,IF(AND($C$7>=$P$3,$C$7<=$R$3),F19*$C$7*$T$3/100,IF($C$7>=$P$6,F19*$C$7*$T$6/100)))) -> 30 | H19: =((B19*5)+D19)/6 -> 4.5 | I19: =IF(AND($C$7>=$P$5,$C$7<=$R$5),H19*$C$7*$T$5/100,IF(AND($C$7>=$P$4,$C$7<=$R$4),H19*$C$7*$T$4/100,IF(AND($C$7>=$P$3,$C$7<=$R$3),H19*$C$7*$T$3/100,IF($C$7>=$P$6,H19*$C$7*$T$6/100)))) -> 135 | J19: =((B19*5)+D19+F19)/7 -> 4 | K19: =IF(AND($C$7>=$P$5,$C$7<=$R$5),J19*$C$7*$T$5/100,IF(AND($C$7>=$P$4,$C$7<=$R$4),J19*$C$7*$T$4/100,IF(AND($C$7>=$P$3,$C$7<=$R$3),J19*$C$7*$T$3/100,IF($C$7>=$P$6,J19*$C$7*$T$6/100)))) -> 120
A20: 7-8 | B20: 8 | C20: =IF(AND($C$7>=$P$5,$C$7<=$R$5),B20*$C$7*$T$5/100,IF(AND($C$7>=$P$4,$C$7<=$R$4),B20*$C$7*$T$4/100,IF(AND($C$7>=$P$3,$C$7<=$R$3),B20*$C$7*$T$3/100,IF($C$7>=$P$6,B20*$C$7*$T$6/100)))) -> 240 | D20: 3 | E20: =IF(AND($C$7>=$P$5,$C$7<=$R$5),D20*$C$7*$T$5/100,IF(AND($C$7>=$P$4,$C$7<=$R$4),D20*$C$7*$T$4/100,IF(AND($C$7>=$P$3,$C$7<=$R$3),D20*$C$7*$T$3/100,IF($C$7>=$P$6,D20*$C$7*$T$6/100)))) -> 90 | F20: 1.5 | G20: =IF(AND($C$7>=$P$5,$C$7<=$R$5),F20*$C$7*$T$5/100,IF(AND($C$7>=$P$4,$C$7<=$R$4),F20*$C$7*$T$4/100,IF(AND($C$7>=$P$3,$C$7<=$R$3),F20*$C$7*$T$3/100,IF($C$7>=$P$6,F20*$C$7*$T$6/100)))) -> 45 | H20: =((B20*5)+D20)/6 -> 7.1666667 | I20: =IF(AND($C$7>=$P$5,$C$7<=$R$5),H20*$C$7*$T$5/100,IF(AND($C$7>=$P$4,$C$7<=$R$4),H20*$C$7*$T$4/100,IF(AND($C$7>=$P$3,$C$7<=$R$3),H20*$C$7*$T$3/100,IF($C$7>=$P$6,H20*$C$7*$T$6/100)))) -> 215 | J20: =((B20*5)+D20+F20)/7 -> 6.3571429 | K20: =IF(AND($C$7>=$P$5,$C$7<=$R$5),J20*$C$7*$T$5/100,IF(AND($C$7>=$P$4,$C$7<=$R$4),J20*$C$7*$T$4/100,IF(AND($C$7>=$P$3,$C$7<=$R$3),J20*$C$7*$T$3/100,IF($C$7>=$P$6,J20*$C$7*$T$6/100)))) -> 190.71429
A21: 8-9 | B21: 8 | C21: =IF(AND($C$7>=$P$5,$C$7<=$R$5),B21*$C$7*$T$5/100,IF(AND($C$7>=$P$4,$C$7<=$R$4),B21*$C$7*$T$4/100,IF(AND($C$7>=$P$3,$C$7<=$R$3),B21*$C$7*$T$3/100,IF($C$7>=$P$6,B21*$C$7*$T$6/100)))) -> 240 | D21: 6 | E21: =IF(AND($C$7>=$P$5,$C$7<=$R$5),D21*$C$7*$T$5/100,IF(AND($C$7>=$P$4,$C$7<=$R$4),D21*$C$7*$T$4/100,IF(AND($C$7>=$P$3,$C$7<=$R$3),D21*$C$7*$T$3/100,IF($C$7>=$P$6,D21*$C$7*$T$6/100)))) -> 180 | F21: 10 | G21: =IF(AND($C$7>=$P$5,$C$7<=$R$5),F21*$C$7*$T$5/100,IF(AND($C$7>=$P$4,$C$7<=$R$4),F21*$C$7*$T$4/100,IF(AND($C$7>=$P$3,$C$7<=$R$3),F21*$C$7*$T$3/100,IF($C$7>=$P$6,F21*$C$7*$T$6/100)))) -> 300 | H21: =((B21*5)+D21)/6 -> 7.6666667 | I21: =IF(AND($C$7>=$P$5,$C$7<=$R$5),H21*$C$7*$T$5/100,IF(AND($C$7>=$P$4,$C$7<=$R$4),H21*$C$7*$T$4/100,IF(AND($C$7>=$P$3,$C$7<=$R$3),H21*$C$7*$T$3/100,IF($C$7>=$P$6,H21*$C$7*$T$6/100)))) -> 230 | J21: =((B21*5)+D21+F21)/7 -> 8 | K21: =IF(AND($C$7>=$P$5,$C$7<=$R$5),J21*$C$7*$T$5/100,IF(AND($C$7>=$P$4,$C$7<=$R$4),J21*$C$7*$T$4/100,IF(AND($C$7>=$P$3,$C$7<=$R$3),J21*$C$7*$T$3/100,IF($C$7>=$P$6,J21*$C$7*$T$6/100)))) -> 240
A22: 9-10 | B22: 5 | C22: =IF(AND($C$7>=$P$5,$C$7<=$R$5),B22*$C$7*$T$5/100,IF(AND($C$7>=$P$4,$C$7<=$R$4),B22*$C$7*$T$4/100,IF(AND($C$7>=$P$3,$C$7<=$R$3),B22*$C$7*$T$3/100,IF($C$7>=$P$6,B22*$C$7*$T$6/100)))) -> 150 | D22: 6 | E22: =IF(AND($C$7>=$P$5,$C$7<=$R$5),D22*$C$7*$T$5/100,IF(AND($C$7>=$P$4,$C$7<=$R$4),D22*$C$7*$T$4/100,IF(AND($C$7>=$P$3,$C$7<=$R$3),D22*$C$7*$T$3/100,IF($C$7>=$P$6,D22*$C$7*$T$6/100)))) -> 180 | F22: 14 | G22: =IF(AND($C$7>=$P$5,$C$7<=$R$5),F22*$C$7*$T$5/100,IF(AND($C$7>=$P$4,$C$7<=$R$4),F22*$C$7*$T$4/100,IF(AND($C$7>=$P$3,$C$7<=$R$3),F22*$C$7*$T$3/100,IF($C$7>=$P$6,F22*$C$7*$T$6/100)))) -> 420 | H22: =((B22*5)+D22)/6 -> 5.1666667 | I22: =IF(AND($C$7>=$P$5,$C$7<=$R$5),H22*$C$7*$T$5/100,IF(AND($C$7>=$P$4,$C$7<=$R$4),H22*$C$7*$T$4/100,IF(AND($C$7>=$P$3,$C$7<=$R$3),H22*$C$7*$T$3/100,IF($C$7>=$P$6,H22*$C$7*$T$6/100)))) -> 155 | J22: =((B22*5)+D22+F22)/7 -> 6.4285714 | K22: =IF(AND($C$7>=$P$5,$C$7<=$R$5),J22*$C$7*$T$5/100,IF(AND($C$7>=$P$4,$C$7<=$R$4),J22*$C$7*$T$4/100,IF(AND($C$7>=$P$3,$C$7<=$R$3),J22*$C$7*$T$3/100,IF($C$7>=$P$6,J22*$C$7*$T$6/100)))) -> 192.85714
A23: 10-11 | B23: 5 | C23: =IF(AND($C$7>=$P$5,$C$7<=$R$5),B23*$C$7*$T$5/100,IF(AND($C$7>=$P$4,$C$7<=$R$4),B23*$C$7*$T$4/100,IF(AND($C$7>=$P$3,$C$7<=$R$3),B23*$C$7*$T$3/100,IF($C$7>=$P$6,B23*$C$7*$T$6/100)))) -> 150 | D23: 7 | E23: =IF(AND($C$7>=$P$5,$C$7<=$R$5),D23*$C$7*$T$5/100,IF(AND($C$7>=$P$4,$C$7<=$R$4),D23*$C$7*$T$4/100,IF(AND($C$7>=$P$3,$C$7<=$R$3),D23*$C$7*$T$3/100,IF($C$7>=$P$6,D23*$C$7*$T$6/100)))) -> 210 | F23: 7 | G23: =IF(AND($C$7>=$P$5,$C$7<=$R$5),F23*$C$7*$T$5/100,IF(AND($C$7>=$P$4,$C$7<=$R$4),F23*$C$7*$T$4/100,IF(AND($C$7>=$P$3,$C$7<=$R$3),F23*$C$7*$T$3/100,IF($C$7>=$P$6,F23*$C$7*$T$6/100)))) -> 210 | H23: =((B23*5)+D23)/6 -> 5.3333333 | I23: =IF(AND($C$7>=$P$5,$C$7<=$R$5),H23*$C$7*$T$5/100,IF(AND($C$7>=$P$4,$C$7<=$R$4),H23*$C$7*$T$4/100,IF(AND($C$7>=$P$3,$C$7<=$R$3),H23*$C$7*$T$3/100,IF($C$7>=$P$6,H23*$C$7*$T$6/100)))) -> 160 | J23: =((B23*5)+D23+F23)/7 -> 5.5714286 | K23: =IF(AND($C$7>=$P$5,$C$7<=$R$5),J23*$C$7*$T$5/100,IF(AND($C$7>=$P$4,$C$7<=$R$4),J23*$C$7*$T$4/100,IF(AND($C$7>=$P$3,$C$7<=$R$3),J23*$C$7*$T$3/100,IF($C$7>=$P$6,J23*$C$7*$T$6/100)))) -> 167.14286
A24: 11-12 | B24: 5 | C24: =IF(AND($C$7>=$P$5,$C$7<=$R$5),B24*$C$7*$T$5/100,IF(AND($C$7>=$P$4,$C$7<=$R$4),B24*$C$7*$T$4/100,IF(AND($C$7>=$P$3,$C$7<=$R$3),B24*$C$7*$T$3/100,IF($C$7>=$P$6,B24*$C$7*$T$6/100)))) -> 150 | D24: 8 | E24: =IF(AND($C$7>=$P$5,$C$7<=$R$5),D24*$C$7*$T$5/100,IF(AND($C$7>=$P$4,$C$7<=$R$4),D24*$C$7*$T$4/100,IF(AND($C$7>=$P$3,$C$7<=$R$3),D24*$C$7*$T$3/100,IF($C$7>=$P$6,D24*$C$7*$T$6/100)))) -> 240 | F24: 6 | G24: =IF(AND($C$7>=$P$5,$C$7<=$R$5),F24*$C$7*$T$5/100,IF(AND($C$7>=$P$4,$C$7<=$R$4),F24*$C$7*$T$4/100,IF(AND($C$7>=$P$3,$C$7<=$R$3),F24*$C$7*$T$3/100,IF($C$7>=$P$6,F24*$C$7*$T$6/100)))) -> 180 | H24: =((B24*5)+D24)/6 -> 5.5 | I24: =IF(AND($C$7>=$P$5,$C$7<=$R$5),H24*$C$7*$T$5/100,IF(AND($C$7>=$P$4,$C$7<=$R$4),H24*$C$7*$T$4/100,IF(AND($C$7>=$P$3,$C$7<=$R$3),H24*$C$7*$T$3/100,IF($C$7>=$P$6,H24*$C$7*$T$6/100)))) -> 165 | J24: =((B24*5)+D24+F24)/7 -> 5.5714286 | K24: =IF(AND($C$7>=$P$5,$C$7<=$R$5),J24*$C$7*$T$5/100,IF(AND($C$7>=$P$4,$C$7<=$R$4),J24*$C$7*$T$4/100,IF(AND($C$7>=$P$3,$C$7<=$R$3),J24*$C$7*$T$3/100,IF($C$7>=$P$6,J24*$C$7*$T$6/100)))) -> 167.14286
... A36: 23-24 | B36: 1 | C36: =IF(AND($C$7>=$P$5,$C$7<=$R$5),B36*$C$7*$T$5/100,IF(AND($C$7>=$P$4,$C$7<=$R$4),B36*$C$7*$T$4/100,IF(AND($C$7>=$P$3,$C$7<=$R$3),B36*$C$7*$T$3/100,IF($C$7>=$P$6,B36*$C$7*$T$6/100)))) -> 30 | D36: 1 | E36: =IF(AND($C$7>=$P$5,$C$7<=$R$5),D36*$C$7*$T$5/100,IF(AND($C$7>=$P$4,$C$7<=$R$4),D36*$C$7*$T$4/100,IF(AND($C$7>=$P$3,$C$7<=$R$3),D36*$C$7*$T$3/100,IF($C$7>=$P$6,D36*$C$7*$T$6/100)))) -> 30 | F36: 1 | G36: =IF(AND($C$7>=$P$5,$C$7<=$R$5),F36*$C$7*$T$5/100,IF(AND($C$7>=$P$4,$C$7<=$R$4),F36*$C$7*$T$4/100,IF(AND($C$7>=$P$3,$C$7<=$R$3),F36*$C$7*$T$3/100,IF($C$7>=$P$6,F36*$C$7*$T$6/100)))) -> 30 | H36: =((B36*5)+D36)/6 -> 1 | I36: =IF(AND($C$7>=$P$5,$C$7<=$R$5),H36*$C$7*$T$5/100,IF(AND($C$7>=$P$4,$C$7<=$R$4),H36*$C$7*$T$4/100,IF(AND($C$7>=$P$3,$C$7<=$R$3),H36*$C$7*$T$3/100,IF($C$7>=$P$6,H36*$C$7*$T$6/100)))) -> 30 | J36: =((B36*5)+D36+F36)/7 -> 1 | K36: =IF(AND($C$7>=$P$5,$C$7<=$R$5),J36*$C$7*$T$5/100,IF(AND($C$7>=$P$4,$C$7<=$R$4),J36*$C$7*$T$4/100,IF(AND($C$7>=$P$3,$C$7<=$R$3),J36*$C$7*$T$3/100,IF($C$7>=$P$6,J36*$C$7*$T$6/100)))) -> 30
A37: ø 06-18 | B37: =SUM(B19:B30)/12 -> 5 | C37: =IF(AND($C$7>=$P$5,$C$7<=$R$5),B37*$C$7*$T$5/100,IF(AND($C$7>=$P$4,$C$7<=$R$4),B37*$C$7*$T$4/100,IF(AND($C$7>=$P$3,$C$7<=$R$3),B37*$C$7*$T$3/100,IF($C$7>=$P$6,B37*$C$7*$T$6/100)))) -> 150 | D37: =SUM(D19:D30)/12 -> 5 | E37: =IF(AND($C$7>=$P$5,$C$7<=$R$5),D37*$C$7*$T$5/100,IF(AND($C$7>=$P$4,$C$7<=$R$4),D37*$C$7*$T$4/100,IF(AND($C$7>=$P$3,$C$7<=$R$3),D37*$C$7*$T$3/100,IF($C$7>=$P$6,D37*$C$7*$T$6/100)))) -> 150 | F37: =SUM(F19:F30)/12 -> 5 | G37: =IF(AND($C$7>=$P$5,$C$7<=$R$5),F37*$C$7*$T$5/100,IF(AND($C$7>=$P$4,$C$7<=$R$4),F37*$C$7*$T$4/100,IF(AND($C$7>=$P$3,$C$7<=$R$3),F37*$C$7*$T$3/100,IF($C$7>=$P$6,F37*$C$7*$T$6/100)))) -> 150 | H37: =SUM(H19:H30)/12 -> 5 | I37: =((5*C37)+E37)/6 -> 150 | J37: =SUM(J19:J30)/12 -> 5 | K37: =((5*C37)+E37+G37)/7 -> 150
A38: ø 05-10 | B38: =SUM(B18:B22)/5 -> 5.4 | C38: =IF(AND($C$7>=$P$5,$C$7<=$R$5),B38*$C$7*$T$5/100,IF(AND($C$7>=$P$4,$C$7<=$R$4),B38*$C$7*$T$4/100,IF(AND($C$7>=$P$3,$C$7<=$R$3),B38*$C$7*$T$3/100,IF($C$7>=$P$6,B38*$C$7*$T$6/100)))) -> 162 | D38: =SUM(D18:D22)/5 -> 3.6 | E38: =IF(AND($C$7>=$P$5,$C$7<=$R$5),D38*$C$7*$T$5/100,IF(AND($C$7>=$P$4,$C$7<=$R$4),D38*$C$7*$T$4/100,IF(AND($C$7>=$P$3,$C$7<=$R$3),D38*$C$7*$T$3/100,IF($C$7>=$P$6,D38*$C$7*$T$6/100)))) -> 108 | F38: =SUM(F18:F22)/5 -> 5.5 | G38: =IF(AND($C$7>=$P$5,$C$7<=$R$5),F38*$C$7*$T$5/100,IF(AND($C$7>=$P$4,$C$7<=$R$4),F38*$C$7*$T$4/100,IF(AND($C$7>=$P$3,$C$7<=$R$3),F38*$C$7*$T$3/100,IF($C$7>=$P$6,F38*$C$7*$T$6/100)))) -> 165 | H38: =SUM(H18:H22)/5 -> 5.1 | I38: =((5*C38)+E38)/6 -> 153 | J38: =SUM(J18:J22)/5 -> 5.1571429 | K38: =((5*C38)+E38+G38)/7 -> 154.71429
A39: ø 05-22 | B39: =SUM(B18:B34)/17 -> 4.0294118 | C39: =IF(AND($C$7>=$P$5,$C$7<=$R$5),B39*$C$7*$T$5/100,IF(AND($C$7>=$P$4,$C$7<=$R$4),B39*$C$7*$T$4/100,IF(AND($C$7>=$P$3,$C$7<=$R$3),B39*$C$7*$T$3/100,IF($C$7>=$P$6,B39*$C$7*$T$6/100)))) -> 120.88235 | D39: =SUM(D18:D34)/17 -> 3.9411765 | E39: =IF(AND($C$7>=$P$5,$C$7<=$R$5),D39*$C$7*$T$5/100,IF(AND($C$7>=$P$4,$C$7<=$R$4),D39*$C$7*$T$4/100,IF(AND($C$7>=$P$3,$C$7<=$R$3),D39*$C$7*$T$3/100,IF($C$7>=$P$6,D39*$C$7*$T$6/100)))) -> 118.23529 | F39: =SUM(F18:F34)/17 -> 3.8235294 | G39: =IF(AND($C$7>=$P$5,$C$7<=$R$5),F39*$C$7*$T$5/100,IF(AND($C$7>=$P$4,$C$7<=$R$4),F39*$C$7*$T$4/100,IF(AND($C$7>=$P$3,$C$7<=$R$3),F39*$C$7*$T$3/100,IF($C$7>=$P$6,F39*$C$7*$T$6/100)))) -> 114.70588 | H39: =SUM(H18:H34)/17 -> 4.0147059 | I39: =((5*C39)+E39)/6 -> 120.44118 | J39: =SUM(J18:J34)/17 -> 3.987395 | K39: =((5*C39)+E39+G39)/7 -> 119.62185
A40: ø 05-24 | B40: =SUM(B18:B36)/19 -> 3.7105263 | C40: =IF(AND($C$7>=$P$5,$C$7<=$R$5),B40*$C$7*$T$5/100,IF(AND($C$7>=$P$4,$C$7<=$R$4),B40*$C$7*$T$4/100,IF(AND($C$7>=$P$3,$C$7<=$R$3),B40*$C$7*$T$3/100,IF($C$7>=$P$6,B40*$C$7*$T$6/100)))) -> 111.31579 | D40: =SUM(D18:D36)/19 -> 3.6315789 | E40: =IF(AND($C$7>=$P$5,$C$7<=$R$5),D40*$C$7*$T$5/100,IF(AND($C$7>=$P$4,$C$7<=$R$4),D40*$C$7*$T$4/100,IF(AND($C$7>=$P$3,$C$7<=$R$3),D40*$C$7*$T$3/100,IF($C$7>=$P$6,D40*$C$7*$T$6/100)))) -> 108.94737 | F40: =SUM(F18:F36)/19 -> 3.5263158 | G40: =IF(AND($C$7>=$P$5,$C$7<=$R$5),F40*$C$7*$T$5/100,IF(AND($C$7>=$P$4,$C$7<=$R$4),F40*$C$7*$T$4/100,IF(AND($C$7>=$P$3,$C$7<=$R$3),F40*$C$7*$T$3/100,IF($C$7>=$P$6,F40*$C$7*$T$6/100)))) -> 105.78947 | H40: =SUM(H18:H36)/19 -> 3.6973684 | I40: =((5*C40)+E40)/6 -> 110.92105 | J40: =SUM(J18:J36)/19 -> 3.6729323 | K40: =((5*C40)+E40+G40)/7 -> 110.18797
A41: ø 06-09 | B41: =SUM(B19:B21)/3 -> 7 | C41: =IF(AND($C$7>=$P$5,$C$7<=$R$5),B41*$C$7*$T$5/100,IF(AND($C$7>=$P$4,$C$7<=$R$4),B41*$C$7*$T$4/100,IF(AND($C$7>=$P$3,$C$7<=$R$3),B41*$C$7*$T$3/100,IF($C$7>=$P$6,B41*$C$7*$T$6/100)))) -> 210 | D41: =SUM(D19:D21)/3 -> 3.6666667 | E41: =IF(AND($C$7>=$P$5,$C$7<=$R$5),D41*$C$7*$T$5/100,IF(AND($C$7>=$P$4,$C$7<=$R$4),D41*$C$7*$T$4/100,IF(AND($C$7>=$P$3,$C$7<=$R$3),D41*$C$7*$T$3/100,IF($C$7>=$P$6,D41*$C$7*$T$6/100)))) -> 110 | F41: =SUM(F19:F21)/3 -> 4.1666667 | G41: =IF(AND($C$7>=$P$5,$C$7<=$R$5),F41*$C$7*$T$5/100,IF(AND($C$7>=$P$4,$C$7<=$R$4),F41*$C$7*$T$4/100,IF(AND($C$7>=$P$3,$C$7<=$R$3),F41*$C$7*$T$3/100,IF($C$7>=$P$6,F41*$C$7*$T$6/100)))) -> 125 | H41: =SUM(H19:H21)/3 -> 6.4444444 | I41: =((5*C41)+E41)/6 -> 193.33333 | J41: =SUM(J19:J21)/3 -> 6.1190476 | K41: =((5*C41)+E41+G41)/7 -> 183.57143
A42: ø 06-10 | B42: =SUM(B19:B22)/4 -> 6.5 | C42: =IF(AND($C$7>=$P$5,$C$7<=$R$5),B42*$C$7*$T$5/100,IF(AND($C$7>=$P$4,$C$7<=$R$4),B42*$C$7*$T$4/100,IF(AND($C$7>=$P$3,$C$7<=$R$3),B42*$C$7*$T$3/100,IF($C$7>=$P$6,B42*$C$7*$T$6/100)))) -> 195 | D42: =SUM(D19:D22)/4 -> 4.25 | E42: =IF(AND($C$7>=$P$5,$C$7<=$R$5),D42*$C$7*$T$5/100,IF(AND($C$7>=$P$4,$C$7<=$R$4),D42*$C$7*$T$4/100,IF(AND($C$7>=$P$3,$C$7<=$R$3),D42*$C$7*$T$3/100,IF($C$7>=$P$6,D42*$C$7*$T$6/100)))) -> 127.5 | F42: =SUM(F19:F22)/4 -> 6.625 | G42: =IF(AND($C$7>=$P$5,$C$7<=$R$5),F42*$C$7*$T$5/100,IF(AND($C$7>=$P$4,$C$7<=$R$4),F42*$C$7*$T$4/100,IF(AND($C$7>=$P$3,$C$7<=$R$3),F42*$C$7*$T$3/100,IF($C$7>=$P$6,F42*$C$7*$T$6/100)))) -> 198.75 | H42: =SUM(H19:H22)/4 -> 6.125 | I42: =((5*C42)+E42)/6 -> 183.75 | J42: =SUM(J19:J22)/4 -> 6.1964286 | K42: =((5*C42)+E42+G42)/7 -> 185.89286
A43: ø 06-14 | B43: =SUM(B19:B26)/8 -> 5.625 | C43: =IF(AND($C$7>=$P$5,$C$7<=$R$5),B43*$C$7*$T$5/100,IF(AND($C$7>=$P$4,$C$7<=$R$4),B43*$C$7*$T$4/100,IF(AND($C$7>=$P$3,$C$7<=$R$3),B43*$C$7*$T$3/100,IF($C$7>=$P$6,B43*$C$7*$T$6/100)))) -> 168.75 | D43: =SUM(D19:D26)/8 -> 5 | E43: =IF(AND($C$7>=$P$5,$C$7<=$R$5),D43*$C$7*$T$5/100,IF(AND($C$7>=$P$4,$C$7<=$R$4),D43*$C$7*$T$4/100,IF(AND($C$7>=$P$3,$C$7<=$R$3),D43*$C$7*$T$3/100,IF($C$7>=$P$6,D43*$C$7*$T$6/100)))) -> 150 | F43: =SUM(F19:F26)/8 -> 6.1875 | G43: =IF(AND($C$7>=$P$5,$C$7<=$R$5),F43*$C$7*$T$5/100,IF(AND($C$7>=$P$4,$C$7<=$R$4),F43*$C$7*$T$4/100,IF(AND($C$7>=$P$3,$C$7<=$R$3),F43*$C$7*$T$3/100,IF($C$7>=$P$6,F43*$C$7*$T$6/100)))) -> 185.625 | H43: =SUM(H19:H26)/8 -> 5.5208333 | I43: =((5*C43)+E43)/6 -> 165.625 | J43: =SUM(J19:J26)/8 -> 5.6160714 | K43: =((5*C43)+E43+G43)/7 -> 168.48214
A44: ø 06-19 | B44: =SUM(B19:B31)/13 -> 4.8461538 | C44: =IF(AND($C$7>=$P$5,$C$7<=$R$5),B44*$C$7*$T$5/100,IF(AND($C$7>=$P$4,$C$7<=$R$4),B44*$C$7*$T$4/100,IF(AND($C$7>=$P$3,$C$7<=$R$3),B44*$C$7*$T$3/100,IF($C$7>=$P$6,B44*$C$7*$T$6/100)))) -> 145.38462 | D44: =SUM(D19:D31)/13 -> 4.7692308 | E44: =IF(AND($C$7>=$P$5,$C$7<=$R$5),D44*$C$7*$T$5/100,IF(AND($C$7>=$P$4,$C$7<=$R$4),D44*$C$7*$T$4/100,IF(AND($C$7>=$P$3,$C$7<=$R$3),D44*$C$7*$T$3/100,IF($C$7>=$P$6,D44*$C$7*$T$6/100)))) -> 143.07692 | F44: =SUM(F19:F31)/13 -> 4.6923077 | G44: =IF(AND($C$7>=$P$5,$C$7<=$R$5),F44*$C$7*$T$5/100,IF(AND($C$7>=$P$4,$C$7<=$R$4),F44*$C$7*$T$4/100,IF(AND($C$7>=$P$3,$C$7<=$R$3),F44*$C$7*$T$3/100,IF($C$7>=$P$6,F44*$C$7*$T$6/100)))) -> 140.76923 | H44: =SUM(H19:H31)/13 -> 4.8333333 | I44: =((5*C44)+E44)/6 -> 145 | J44: =SUM(J19:J31)/13 -> 4.8131868 | K44: =((5*C44)+E44+G44)/7 -> 144.3956
A45: ø 06-20 | B45: =SUM(B19:B32)/14 -> 4.6428571 | C45: =IF(AND($C$7>=$P$5,$C$7<=$R$5),B45*$C$7*$T$5/100,IF(AND($C$7>=$P$4,$C$7<=$R$4),B45*$C$7*$T$4/100,IF(AND($C$7>=$P$3,$C$7<=$R$3),B45*$C$7*$T$3/100,IF($C$7>=$P$6,B45*$C$7*$T$6/100)))) -> 139.28571 | D45: =SUM(D19:D32)/14 -> 4.5714286 | E45: =IF(AND($C$7>=$P$5,$C$7<=$R$5),D45*$C$7*$T$5/100,IF(AND($C$7>=$P$4,$C$7<=$R$4),D45*$C$7*$T$4/100,IF(AND($C$7>=$P$3,$C$7<=$R$3),D45*$C$7*$T$3/100,IF($C$7>=$P$6,D45*$C$7*$T$6/100)))) -> 137.14286 | F45: =SUM(F19:F32)/14 -> 4.4285714 | G45: =IF(AND($C$7>=$P$5,$C$7<=$R$5),F45*$C$7*$T$5/100,IF(AND($C$7>=$P$4,$C$7<=$R$4),F45*$C$7*$T$4/100,IF(AND($C$7>=$P$3,$C$7<=$R$3),F45*$C$7*$T$3/100,IF($C$7>=$P$6,F45*$C$7*$T$6/100)))) -> 132.85714 | H45: =SUM(H19:H32)/14 -> 4.6309524 | I45: =((5*C45)+E45)/6 -> 138.92857 | J45: =SUM(J19:J32)/14 -> 4.6020408 | K45: =((5*C45)+E45+G45)/7 -> 138.06122
A46: ø 06-22 | B46: =SUM(B19:B34)/16 -> 4.21875 | C46: =IF(AND($C$7>=$P$5,$C$7<=$R$5),B46*$C$7*$T$5/100,IF(AND($C$7>=$P$4,$C$7<=$R$4),B46*$C$7*$T$4/100,IF(AND($C$7>=$P$3,$C$7<=$R$3),B46*$C$7*$T$3/100,IF($C$7>=$P$6,B46*$C$7*$T$6/100)))) -> 126.5625 | D46: =SUM(D19:D34)/16 -> 4.125 | E46: =IF(AND($C$7>=$P$5,$C$7<=$R$5),D46*$C$7*$T$5/100,IF(AND($C$7>=$P$4,$C$7<=$R$4),D46*$C$7*$T$4/100,IF(AND($C$7>=$P$3,$C$7<=$R$3),D46*$C$7*$T$3/100,IF($C$7>=$P$6,D46*$C$7*$T$6/100)))) -> 123.75 | F46: =SUM(F19:F34)/16 -> 4 | G46: =IF(AND($C$7>=$P$5,$C$7<=$R$5),F46*$C$7*$T$5/100,IF(AND($C$7>=$P$4,$C$7<=$R$4),F46*$C$7*$T$4/100,IF(AND($C$7>=$P$3,$C$7<=$R$3),F46*$C$7*$T$3/100,IF($C$7>=$P$6,F46*$C$7*$T$6/100)))) -> 120 | H46: =SUM(H19:H34)/16 -> 4.203125 | I46: =((5*C46)+E46)/6 -> 126.09375 | J46: =SUM(J19:J34)/16 -> 4.1741071 | K46: =((5*C46)+E46+G46)/7 -> 125.22321
A47: ø 06-24 | B47: =SUM(B19:B36)/18 -> 3.8611111 | C47: =IF(AND($C$7>=$P$5,$C$7<=$R$5),B47*$C$7*$T$5/100,IF(AND($C$7>=$P$4,$C$7<=$R$4),B47*$C$7*$T$4/100,IF(AND($C$7>=$P$3,$C$7<=$R$3),B47*$C$7*$T$3/100,IF($C$7>=$P$6,B47*$C$7*$T$6/100)))) -> 115.83333 | D47: =SUM(D19:D36)/18 -> 3.7777778 | E47: =IF(AND($C$7>=$P$5,$C$7<=$R$5),D47*$C$7*$T$5/100,IF(AND($C$7>=$P$4,$C$7<=$R$4),D47*$C$7*$T$4/100,IF(AND($C$7>=$P$3,$C$7<=$R$3),D47*$C$7*$T$3/100,IF($C$7>=$P$6,D47*$C$7*$T$6/100)))) -> 113.33333 | F47: =SUM(F19:F36)/18 -> 3.6666667 | G47: =IF(AND($C$7>=$P$5,$C$7<=$R$5),F47*$C$7*$T$5/100,IF(AND($C$7>=$P$4,$C$7<=$R$4),F47*$C$7*$T$4/100,IF(AND($C$7>=$P$3,$C$7<=$R$3),F47*$C$7*$T$3/100,IF($C$7>=$P$6,F47*$C$7*$T$6/100)))) -> 110 | H47: =SUM(H19:H36)/18 -> 3.8472222 | I47: =((5*C47)+E47)/6 -> 115.41667 | J47: =SUM(J19:J36)/18 -> 3.8214286 | K47: =((5*C47)+E47+G47)/7 -> 114.64286
A48: ø 07-24 | B48: =SUM(B20:B36)/17 -> 3.7941176 | C48: =IF(AND($C$7>=$P$5,$C$7<=$R$5),B48*$C$7*$T$5/100,IF(AND($C$7>=$P$4,$C$7<=$R$4),B48*$C$7*$T$4/100,IF(AND($C$7>=$P$3,$C$7<=$R$3),B48*$C$7*$T$3/100,IF($C$7>=$P$6,B48*$C$7*$T$6/100)))) -> 113.82353 | D48: =SUM(D20:D36)/17 -> 3.8823529 | E48: =IF(AND($C$7>=$P$5,$C$7<=$R$5),D48*$C$7*$T$5/100,IF(AND($C$7>=$P$4,$C$7<=$R$4),D48*$C$7*$T$4/100,IF(AND($C$7>=$P$3,$C$7<=$R$3),D48*$C$7*$T$3/100,IF($C$7>=$P$6,D48*$C$7*$T$6/100)))) -> 116.47059 | F48: =SUM(F20:F36)/17 -> 3.8235294 | G48: =IF(AND($C$7>=$P$5,$C$7<=$R$5),F48*$C$7*$T$5/100,IF(AND($C$7>=$P$4,$C$7<=$R$4),F48*$C$7*$T$4/100,IF(AND($C$7>=$P$3,$C$7<=$R$3),F48*$C$7*$T$3/100,IF($C$7>=$P$6,F48*$C$7*$T$6/100)))) -> 114.70588 | H48: =SUM(H20:H36)/17 -> 3.8088235 | I48: =((5*C48)+E48)/6 -> 114.26471 | J48: =SUM(J20:J36)/17 -> 3.8109244 | K48: =((5*C48)+E48+G48)/7 -> 114.32773
A49: ø 08-13 | B49: =SUM(B21:B25)/5 -> 5.6 | C49: =IF(AND($C$7>=$P$5,$C$7<=$R$5),B49*$C$7*$T$5/100,IF(AND($C$7>=$P$4,$C$7<=$R$4),B49*$C$7*$T$4/100,IF(AND($C$7>=$P$3,$C$7<=$R$3),B49*$C$7*$T$3/100,IF($C$7>=$P$6,B49*$C$7*$T$6/100)))) -> 168 | D49: =SUM(D21:D25)/5 -> 6.2 | E49: =IF(AND($C$7>=$P$5,$C$7<=$R$5),D49*$C$7*$T$5/100,IF(AND($C$7>=$P$4,$C$7<=$R$4),D49*$C$7*$T$4/100,IF(AND($C$7>=$P$3,$C$7<=$R$3),D49*$C$7*$T$3/100,IF($C$7>=$P$6,D49*$C$7*$T$6/100)))) -> 186 | F49: =SUM(F21:F25)/5 -> 8.4 | G49: =IF(AND($C$7>=$P$5,$C$7<=$R$5),F49*$C$7*$T$5/100,IF(AND($C$7>=$P$4,$C$7<=$R$4),F49*$C$7*$T$4/100,IF(AND($C$7>=$P$3,$C$7<=$R$3),F49*$C$7*$T$3/100,IF($C$7>=$P$6,F49*$C$7*$T$6/100)))) -> 252 | H49: =SUM(H21:H25)/5 -> 5.7 | I49: =((5*C49)+E49)/6 -> 171 | J49: =SUM(J21:J25)/5 -> 6.0857143 | K49: =((5*C49)+E49+G49)/7 -> 182.57143
A50: ø 08-18 | B50: =SUM(B21:B30)/10 -> 4.7 | C50: =IF(AND($C$7>=$P$5,$C$7<=$R$5),B50*$C$7*$T$5/100,IF(AND($C$7>=$P$4,$C$7<=$R$4),B50*$C$7*$T$4/100,IF(AND($C$7>=$P$3,$C$7<=$R$3),B50*$C$7*$T$3/100,IF($C$7>=$P$6,B50*$C$7*$T$6/100)))) -> 141 | D50: =SUM(D21:D30)/10 -> 5.5 | E50: =IF(AND($C$7>=$P$5,$C$7<=$R$5),D50*$C$7*$T$5/100,IF(AND($C$7>=$P$4,$C$7<=$R$4),D50*$C$7*$T$4/100,IF(AND($C$7>=$P$3,$C$7<=$R$3),D50*$C$7*$T$3/100,IF($C$7>=$P$6,D50*$C$7*$T$6/100)))) -> 165 | F50: =SUM(F21:F30)/10 -> 5.75 | G50: =IF(AND($C$7>=$P$5,$C$7<=$R$5),F50*$C$7*$T$5/100,IF(AND($C$7>=$P$4,$C$7<=$R$4),F50*$C$7*$T$4/100,IF(AND($C$7>=$P$3,$C$7<=$R$3),F50*$C$7*$T$3/100,IF($C$7>=$P$6,F50*$C$7*$T$6/100)))) -> 172.5 | H50: =SUM(H21:H30)/10 -> 4.8333333 | I50: =((5*C50)+E50)/6 -> 145 | J50: =SUM(J21:J30)/10 -> 4.9642857 | K50: =((5*C50)+E50+G50)/7 -> 148.92857
A51: ø 08-19 | B51: =SUM(B21:B31)/11 -> 4.5454545 | C51: =IF(AND($C$7>=$P$5,$C$7<=$R$5),B51*$C$7*$T$5/100,IF(AND($C$7>=$P$4,$C$7<=$R$4),B51*$C$7*$T$4/100,IF(AND($C$7>=$P$3,$C$7<=$R$3),B51*$C$7*$T$3/100,IF($C$7>=$P$6,B51*$C$7*$T$6/100)))) -> 136.36364 | D51: =SUM(D21:D31)/11 -> 5.1818182 | E51: =IF(AND($C$7>=$P$5,$C$7<=$R$5),D51*$C$7*$T$5/100,IF(AND($C$7>=$P$4,$C$7<=$R$4),D51*$C$7*$T$4/100,IF(AND($C$7>=$P$3,$C$7<=$R$3),D51*$C$7*$T$3/100,IF($C$7>=$P$6,D51*$C$7*$T$6/100)))) -> 155.45455 | F51: =SUM(F21:F31)/11 -> 5.3181818 | G51: =IF(AND($C$7>=$P$5,$C$7<=$R$5),F51*$C$7*$T$5/100,IF(AND($C$7>=$P$4,$C$7<=$R$4),F51*$C$7*$T$4/100,IF(AND($C$7>=$P$3,$C$7<=$R$3),F51*$C$7*$T$3/100,IF($C$7>=$P$6,F51*$C$7*$T$6/100)))) -> 159.54545 | H51: =SUM(H21:H31)/11 -> 4.6515152 | I51: =((5*C51)+E51)/6 -> 139.54545 | J51: =SUM(J21:J31)/11 -> 4.7467532 | K51: =((5*C51)+E51+G51)/7 -> 142.4026
A52: ø 08-20 | B52: =SUM(B21:B32)/12 -> 4.3333333 | C52: =IF(AND($C$7>=$P$5,$C$7<=$R$5),B52*$C$7*$T$5/100,IF(AND($C$7>=$P$4,$C$7<=$R$4),B52*$C$7*$T$4/100,IF(AND($C$7>=$P$3,$C$7<=$R$3),B52*$C$7*$T$3/100,IF($C$7>=$P$6,B52*$C$7*$T$6/100)))) -> 130 | D52: =SUM(D21:D32)/12 -> 4.9166667 | E52: =IF(AND($C$7>=$P$5,$C$7<=$R$5),D52*$C$7*$T$5/100,IF(AND($C$7>=$P$4,$C$7<=$R$4),D52*$C$7*$T$4/100,IF(AND($C$7>=$P$3,$C$7<=$R$3),D52*$C$7*$T$3/100,IF($C$7>=$P$6,D52*$C$7*$T$6/100)))) -> 147.5 | F52: =SUM(F21:F32)/12 -> 4.9583333 | G52: =IF(AND($C$7>=$P$5,$C$7<=$R$5),F52*$C$7*$T$5/100,IF(AND($C$7>=$P$4,$C$7<=$R$4),F52*$C$7*$T$4/100,IF(AND($C$7>=$P$3,$C$7<=$R$3),F52*$C$7*$T$3/100,IF($C$7>=$P$6,F52*$C$7*$T$6/100)))) -> 148.75 | H52: =SUM(H21:H32)/12 -> 4.4305556 | I52: =((5*C52)+E52)/6 -> 132.91667 | J52: =SUM(J21:J32)/12 -> 4.5059524 | K52: =((5*C52)+E52+G52)/7 -> 135.17857
A53: ø 08-22 | B53: =SUM(B21:B34)/14 -> 3.8928571 | C53: =IF(AND($C$7>=$P$5,$C$7<=$R$5),B53*$C$7*$T$5/100,IF(AND($C$7>=$P$4,$C$7<=$R$4),B53*$C$7*$T$4/100,IF(AND($C$7>=$P$3,$C$7<=$R$3),B53*$C$7*$T$3/100,IF($C$7>=$P$6,B53*$C$7*$T$6/100)))) -> 116.78571 | D53: =SUM(D21:D34)/14 -> 4.3571429 | E53: =IF(AND($C$7>=$P$5,$C$7<=$R$5),D53*$C$7*$T$5/100,IF(AND($C$7>=$P$4,$C$7<=$R$4),D53*$C$7*$T$4/100,IF(AND($C$7>=$P$3,$C$7<=$R$3),D53*$C$7*$T$3/100,IF($C$7>=$P$6,D53*$C$7*$T$6/100)))) -> 130.71429 | F53: =SUM(F21:F34)/14 -> 4.3928571 | G53: =IF(AND($C$7>=$P$5,$C$7<=$R$5),F53*$C$7*$T$5/100,IF(AND($C$7>=$P$4,$C$7<=$R$4),F53*$C$7*$T$4/100,IF(AND($C$7>=$P$3,$C$7<=$R$3),F53*$C$7*$T$3/100,IF($C$7>=$P$6,F53*$C$7*$T$6/100)))) -> 131.78571 | H53: =SUM(H21:H34)/14 -> 3.9702381 | I53: =((5*C53)+E53)/6 -> 119.10714 | J53: =SUM(J21:J34)/14 -> 4.0306122 | K53: =((5*C53)+E53+G53)/7 -> 120.91837
A54: ø 08-24 | B54: =SUM(B21:B36)/16 -> 3.53125 | C54: =IF(AND($C$7>=$P$5,$C$7<=$R$5),B54*$C$7*$T$5/100,IF(AND($C$7>=$P$4,$C$7<=$R$4),B54*$C$7*$T$4/100,IF(AND($C$7>=$P$3,$C$7<=$R$3),B54*$C$7*$T$3/100,IF($C$7>=$P$6,B54*$C$7*$T$6/100)))) -> 105.9375 | D54: =SUM(D21:D36)/16 -> 3.9375 | E54: =IF(AND($C$7>=$P$5,$C$7<=$R$5),D54*$C$7*$T$5/100,IF(AND($C$7>=$P$4,$C$7<=$R$4),D54*$C$7*$T$4/100,IF(AND($C$7>=$P$3,$C$7<=$R$3),D54*$C$7*$T$3/100,IF($C$7>=$P$6,D54*$C$7*$T$6/100)))) -> 118.125 | F54: =SUM(F21:F36)/16 -> 3.96875 | G54: =IF(AND($C$7>=$P$5,$C$7<=$R$5),F54*$C$7*$T$5/100,IF(AND($C$7>=$P$4,$C$7<=$R$4),F54*$C$7*$T$4/100,IF(AND($C$7>=$P$3,$C$7<=$R$3),F54*$C$7*$T$3/100,IF($C$7>=$P$6,F54*$C$7*$T$6/100)))) -> 119.0625 | H54: =SUM(H21:H36)/16 -> 3.5989583 | I54: =((5*C54)+E54)/6 -> 107.96875 | J54: =SUM(J21:J36)/16 -> 3.6517857 | K54: =((5*C54)+E54+G54)/7 -> 109.55357
A55: ø 09-24 | B55: =SUM(B22:B36)/15 -> 3.2333333 | C55: =IF(AND($C$7>=$P$5,$C$7<=$R$5),B55*$C$7*$T$5/100,IF(AND($C$7>=$P$4,$C$7<=$R$4),B55*$C$7*$T$4/100,IF(AND($C$7>=$P$3,$C$7<=$R$3),B55*$C$7*$T$3/100,IF($C$7>=$P$6,B55*$C$7*$T$6/100)))) -> 97 | D55: =SUM(D22:D36)/15 -> 3.8 | E55: =IF(AND($C$7>=$P$5,$C$7<=$R$5),D55*$C$7*$T$5/100,IF(AND($C$7>=$P$4,$C$7<=$R$4),D55*$C$7*$T$4/100,IF(AND($C$7>=$P$3,$C$7<=$R$3),D55*$C$7*$T$3/100,IF($C$7>=$P$6,D55*$C$7*$T$6/100)))) -> 114 | F55: =SUM(F22:F36)/15 -> 3.5666667 | G55: =IF(AND($C$7>=$P$5,$C$7<=$R$5),F55*$C$7*$T$5/100,IF(AND($C$7>=$P$4,$C$7<=$R$4),F55*$C$7*$T$4/100,IF(AND($C$7>=$P$3,$C$7<=$R$3),F55*$C$7*$T$3/100,IF($C$7>=$P$6,F55*$C$7*$T$6/100)))) -> 107 | H55: =SUM(H22:H36)/15 -> 3.3277778 | I55: =((5*C55)+E55)/6 -> 99.833333 | J55: =SUM(J22:J36)/15 -> 3.3619048 | K55: =((5*C55)+E55+G55)/7 -> 100.85714
A56: ø 10-15 | B56: =SUM(B23:B27)/5 -> 4.6 | C56: =IF(AND($C$7>=$P$5,$C$7<=$R$5),B56*$C$7*$T$5/100,IF(AND($C$7>=$P$4,$C$7<=$R$4),B56*$C$7*$T$4/100,IF(AND($C$7>=$P$3,$C$7<=$R$3),B56*$C$7*$T$3/100,IF($C$7>=$P$6,B56*$C$7*$T$6/100)))) -> 138 | D56: =SUM(D23:D27)/5 -> 5.6 | E56: =IF(AND($C$7>=$P$5,$C$7<=$R$5),D56*$C$7*$T$5/100,IF(AND($C$7>=$P$4,$C$7<=$R$4),D56*$C$7*$T$4/100,IF(AND($C$7>=$P$3,$C$7<=$R$3),D56*$C$7*$T$3/100,IF($C$7>=$P$6,D56*$C$7*$T$6/100)))) -> 168 | F56: =SUM(F23:F27)/5 -> 5.6 | G56: =IF(AND($C$7>=$P$5,$C$7<=$R$5),F56*$C$7*$T$5/100,IF(AND($C$7>=$P$4,$C$7<=$R$4),F56*$C$7*$T$4/100,IF(AND($C$7>=$P$3,$C$7<=$R$3),F56*$C$7*$T$3/100,IF($C$7>=$P$6,F56*$C$7*$T$6/100)))) -> 168 | H56: =SUM(H23:H27)/5 -> 4.7666667 | I56: =((5*C56)+E56)/6 -> 143 | J56: =SUM(J23:J27)/5 -> 4.8857143 | K56: =((5*C56)+E56+G56)/7 -> 146.57143
A57: ø 10-16 | B57: =SUM(B23:B28)/6 -> 4.5 | C57: =IF(AND($C$7>=$P$5,$C$7<=$R$5),B57*$C$7*$T$5/100,IF(AND($C$7>=$P$4,$C$7<=$R$4),B57*$C$7*$T$4/100,IF(AND($C$7>=$P$3,$C$7<=$R$3),B57*$C$7*$T$3/100,IF($C$7>=$P$6,B57*$C$7*$T$6/100)))) -> 135 | D57: =SUM(D23:D28)/6 -> 5.5 | E57: =IF(AND($C$7>=$P$5,$C$7<=$R$5),D57*$C$7*$T$5/100,IF(AND($C$7>=$P$4,$C$7<=$R$4),D57*$C$7*$T$4/100,IF(AND($C$7>=$P$3,$C$7<=$R$3),D57*$C$7*$T$3/100,IF($C$7>=$P$6,D57*$C$7*$T$6/100)))) -> 165 | F57: =SUM(F23:F28)/6 -> 5 | G57: =IF(AND($C$7>=$P$5,$C$7<=$R$5),F57*$C$7*$T$5/100,IF(AND($C$7>=$P$4,$C$7<=$R$4),F57*$C$7*$T$4/100,IF(AND($C$7>=$P$3,$C$7<=$R$3),F57*$C$7*$T$3/100,IF($C$7>=$P$6,F57*$C$7*$T$6/100)))) -> 150 | H57: =SUM(H23:H28)/6 -> 4.6666667 | I57: =((5*C57)+E57)/6 -> 140 | J57: =SUM(J23:J28)/6 -> 4.7142857 | K57: =((5*C57)+E57+G57)/7 -> 141.42857
A58: ø 10-18 | B58: =SUM(B23:B30)/8 -> 4.25 | C58: =IF(AND($C$7>=$P$5,$C$7<=$R$5),B58*$C$7*$T$5/100,IF(AND($C$7>=$P$4,$C$7<=$R$4),B58*$C$7*$T$4/100,IF(AND($C$7>=$P$3,$C$7<=$R$3),B58*$C$7*$T$3/100,IF($C$7>=$P$6,B58*$C$7*$T$6/100)))) -> 127.5 | D58: =SUM(D23:D30)/8 -> 5.375 | E58: =IF(AND($C$7>=$P$5,$C$7<=$R$5),D58*$C$7*$T$5/100,IF(AND($C$7>=$P$4,$C$7<=$R$4),D58*$C$7*$T$4/100,IF(AND($C$7>=$P$3,$C$7<=$R$3),D58*$C$7*$T$3/100,IF($C$7>=$P$6,D58*$C$7*$T$6/100)))) -> 161.25 | F58: =SUM(F23:F30)/8 -> 4.1875 | G58: =IF(AND($C$7>=$P$5,$C$7<=$R$5),F58*$C$7*$T$5/100,IF(AND($C$7>=$P$4,$C$7<=$R$4),F58*$C$7*$T$4/100,IF(AND($C$7>=$P$3,$C$7<=$R$3),F58*$C$7*$T$3/100,IF($C$7>=$P$6,F58*$C$7*$T$6/100)))) -> 125.625 | H58: =SUM(H23:H30)/8 -> 4.4375 | I58: =((5*C58)+E58)/6 -> 133.125 | J58: =SUM(J23:J30)/8 -> 4.4017857 | K58: =((5*C58)+E58+G58)/7 -> 132.05357
A59: ø 10-19 | B59: =SUM(B23:B31)/9 -> 4.1111111 | C59: =IF(AND($C$7>=$P$5,$C$7<=$R$5),B59*$C$7*$T$5/100,IF(AND($C$7>=$P$4,$C$7<=$R$4),B59*$C$7*$T$4/100,IF(AND($C$7>=$P$3,$C$7<=$R$3),B59*$C$7*$T$3/100,IF($C$7>=$P$6,B59*$C$7*$T$6/100)))) -> 123.33333 | D59: =SUM(D23:D31)/9 -> 5 | E59: =IF(AND($C$7>=$P$5,$C$7<=$R$5),D59*$C$7*$T$5/100,IF(AND($C$7>=$P$4,$C$7<=$R$4),D59*$C$7*$T$4/100,IF(AND($C$7>=$P$3,$C$7<=$R$3),D59*$C$7*$T$3/100,IF($C$7>=$P$6,D59*$C$7*$T$6/100)))) -> 150 | F59: =SUM(F23:F31)/9 -> 3.8333333 | G59: =IF(AND($C$7>=$P$5,$C$7<=$R$5),F59*$C$7*$T$5/100,IF(AND($C$7>=$P$4,$C$7<=$R$4),F59*$C$7*$T$4/100,IF(AND($C$7>=$P$3,$C$7<=$R$3),F59*$C$7*$T$3/100,IF($C$7>=$P$6,F59*$C$7*$T$6/100)))) -> 115 | H59: =SUM(H23:H31)/9 -> 4.2592593 | I59: =((5*C59)+E59)/6 -> 127.77778 | J59: =SUM(J23:J31)/9 -> 4.1984127 | K59: =((5*C59)+E59+G59)/7 -> 125.95238
A60: ø 10-20 | B60: =SUM(B23:B32)/10 -> 3.9 | C60: =IF(AND($C$7>=$P$5,$C$7<=$R$5),B60*$C$7*$T$5/100,IF(AND($C$7>=$P$4,$C$7<=$R$4),B60*$C$7*$T$4/100,IF(AND($C$7>=$P$3,$C$7<=$R$3),B60*$C$7*$T$3/100,IF($C$7>=$P$6,B60*$C$7*$T$6/100)))) -> 117 | D60: =SUM(D23:D32)/10 -> 4.7 | E60: =IF(AND($C$7>=$P$5,$C$7<=$R$5),D60*$C$7*$T$5/100,IF(AND($C$7>=$P$4,$C$7<=$R$4),D60*$C$7*$T$4/100,IF(AND($C$7>=$P$3,$C$7<=$R$3),D60*$C$7*$T$3/100,IF($C$7>=$P$6,D60*$C$7*$T$6/100)))) -> 141 | F60: =SUM(F23:F32)/10 -> 3.55 | G60: =IF(AND($C$7>=$P$5,$C$7<=$R$5),F60*$C$7*$T$5/100,IF(AND($C$7>=$P$4,$C$7<=$R$4),F60*$C$7*$T$4/100,IF(AND($C$7>=$P$3,$C$7<=$R$3),F60*$C$7*$T$3/100,IF($C$7>=$P$6,F60*$C$7*$T$6/100)))) -> 106.5 | H60: =SUM(H23:H32)/10 -> 4.0333333 | I60: =((5*C60)+E60)/6 -> 121 | J60: =SUM(J23:J32)/10 -> 3.9642857 | K60: =((5*C60)+E60+G60)/7 -> 118.92857
A61: ø 10-22 | B61: =SUM(B23:B34)/12 -> 3.4583333 | C61: =IF(AND($C$7>=$P$5,$C$7<=$R$5),B61*$C$7*$T$5/100,IF(AND($C$7>=$P$4,$C$7<=$R$4),B61*$C$7*$T$4/100,IF(AND($C$7>=$P$3,$C$7<=$R$3),B61*$C$7*$T$3/100,IF($C$7>=$P$6,B61*$C$7*$T$6/100)))) -> 103.75 | D61: =SUM(D23:D34)/12 -> 4.0833333 | E61: =IF(AND($C$7>=$P$5,$C$7<=$R$5),D61*$C$7*$T$5/100,IF(AND($C$7>=$P$4,$C$7<=$R$4),D61*$C$7*$T$4/100,IF(AND($C$7>=$P$3,$C$7<=$R$3),D61*$C$7*$T$3/100,IF($C$7>=$P$6,D61*$C$7*$T$6/100)))) -> 122.5 | F61: =SUM(F23:F34)/12 -> 3.125 | G61: =IF(AND($C$7>=$P$5,$C$7<=$R$5),F61*$C$7*$T$5/100,IF(AND($C$7>=$P$4,$C$7<=$R$4),F61*$C$7*$T$4/100,IF(AND($C$7>=$P$3,$C$7<=$R$3),F61*$C$7*$T$3/100,IF($C$7>=$P$6,F61*$C$7*$T$6/100)))) -> 93.75 | H61: =SUM(H23:H34)/12 -> 3.5625 | I61: =((5*C61)+E61)/6 -> 106.875 | J61: =SUM(J23:J34)/12 -> 3.5 | K61: =((5*C61)+E61+G61)/7 -> 105
A62: ø 10-24 | B62: =SUM(B23:B36)/14 -> 3.1071429 | C62: =IF(AND($C$7>=$P$5,$C$7<=$R$5),B62*$C$7*$T$5/100,IF(AND($C$7>=$P$4,$C$7<=$R$4),B62*$C$7*$T$4/100,IF(AND($C$7>=$P$3,$C$7<=$R$3),B62*$C$7*$T$3/100,IF($C$7>=$P$6,B62*$C$7*$T$6/100)))) -> 93.214286 | D62: =SUM(D23:D36)/14 -> 3.6428571 | E62: =IF(AND($C$7>=$P$5,$C$7<=$R$5),D62*$C$7*$T$5/100,IF(AND($C$7>=$P$4,$C$7<=$R$4),D62*$C$7*$T$4/100,IF(AND($C$7>=$P$3,$C$7<=$R$3),D62*$C$7*$T$3/100,IF($C$7>=$P$6,D62*$C$7*$T$6/100)))) -> 109.28571 | F62: =SUM(F23:F36)/14 -> 2.8214286 | G62: =IF(AND($C$7>=$P$5,$C$7<=$R$5),F62*$C$7*$T$5/100,IF(AND($C$7>=$P$4,$C$7<=$R$4),F62*$C$7*$T$4/100,IF(AND($C$7>=$P$3,$C$7<=$R$3),F62*$C$7*$T$3/100,IF($C$7>=$P$6,F62*$C$7*$T$6/100)))) -> 84.642857 | H62: =SUM(H23:H36)/14 -> 3.1964286 | I62: =((5*C62)+E62)/6 -> 95.892857 | J62: =SUM(J23:J36)/14 -> 3.1428571 | K62: =((5*C62)+E62+G62)/7 -> 94.285714
A63: ø 12-24 | B63: =SUM(B25:B36)/12 -> 2.7916667 | C63: =IF(AND($C$7>=$P$5,$C$7<=$R$5),B63*$C$7*$T$5/100,IF(AND($C$7>=$P$4,$C$7<=$R$4),B63*$C$7*$T$4/100,IF(AND($C$7>=$P$3,$C$7<=$R$3),B63*$C$7*$T$3/100,IF($C$7>=$P$6,B63*$C$7*$T$6/100)))) -> 83.75 | D63: =SUM(D25:D36)/12 -> 3 | E63: =IF(AND($C$7>=$P$5,$C$7<=$R$5),D63*$C$7*$T$5/100,IF(AND($C$7>=$P$4,$C$7<=$R$4),D63*$C$7*$T$4/100,IF(AND($C$7>=$P$3,$C$7<=$R$3),D63*$C$7*$T$3/100,IF($C$7>=$P$6,D63*$C$7*$T$6/100)))) -> 90 | F63: =SUM(F25:F36)/12 -> 2.2083333 | G63: =IF(AND($C$7>=$P$5,$C$7<=$R$5),F63*$C$7*$T$5/100,IF(AND($C$7>=$P$4,$C$7<=$R$4),F63*$C$7*$T$4/100,IF(AND($C$7>=$P$3,$C$7<=$R$3),F63*$C$7*$T$3/100,IF($C$7>=$P$6,F63*$C$7*$T$6/100)))) -> 66.25 | H63: =SUM(H25:H36)/12 -> 2.8263889 | I63: =((5*C63)+E63)/6 -> 84.791667 | J63: =SUM(J25:J36)/12 -> 2.7380952 | K63: =((5*C63)+E63+G63)/7 -> 82.142857
A64: ø 14-19 | B64: =SUM(B27:B31)/5 -> 3.6 | C64: =IF(AND($C$7>=$P$5,$C$7<=$R$5),B64*$C$7*$T$5/100,IF(AND($C$7>=$P$4,$C$7<=$R$4),B64*$C$7*$T$4/100,IF(AND($C$7>=$P$3,$C$7<=$R$3),B64*$C$7*$T$3/100,IF($C$7>=$P$6,B64*$C$7*$T$6/100)))) -> 108 | D64: =SUM(D27:D31)/5 -> 4.4 | E64: =IF(AND($C$7>=$P$5,$C$7<=$R$5),D64*$C$7*$T$5/100,IF(AND($C$7>=$P$4,$C$7<=$R$4),D64*$C$7*$T$4/100,IF(AND($C$7>=$P$3,$C$7<=$R$3),D64*$C$7*$T$3/100,IF($C$7>=$P$6,D64*$C$7*$T$6/100)))) -> 132 | F64: =SUM(F27:F31)/5 -> 2.3 | G64: =IF(AND($C$7>=$P$5,$C$7<=$R$5),F64*$C$7*$T$5/100,IF(AND($C$7>=$P$4,$C$7<=$R$4),F64*$C$7*$T$4/100,IF(AND($C$7>=$P$3,$C$7<=$R$3),F64*$C$7*$T$3/100,IF($C$7>=$P$6,F64*$C$7*$T$6/100)))) -> 69 | H64: =SUM(H27:H31)/5 -> 3.7333333 | I64: =((5*C64)+E64)/6 -> 112 | J64: =SUM(J27:J31)/5 -> 3.5285714 | K64: =((5*C64)+E64+G64)/7 -> 105.85714
A65: ø 14-20 | B65: =SUM(B27:B32)/6 -> 3.3333333 | C65: =IF(AND($C$7>=$P$5,$C$7<=$R$5),B65*$C$7*$T$5/100,IF(AND($C$7>=$P$4,$C$7<=$R$4),B65*$C$7*$T$4/100,IF(AND($C$7>=$P$3,$C$7<=$R$3),B65*$C$7*$T$3/100,IF($C$7>=$P$6,B65*$C$7*$T$6/100)))) -> 100 | D65: =SUM(D27:D32)/6 -> 4 | E65: =IF(AND($C$7>=$P$5,$C$7<=$R$5),D65*$C$7*$T$5/100,IF(AND($C$7>=$P$4,$C$7<=$R$4),D65*$C$7*$T$4/100,IF(AND($C$7>=$P$3,$C$7<=$R$3),D65*$C$7*$T$3/100,IF($C$7>=$P$6,D65*$C$7*$T$6/100)))) -> 120 | F65: =SUM(F27:F32)/6 -> 2.0833333 | G65: =IF(AND($C$7>=$P$5,$C$7<=$R$5),F65*$C$7*$T$5/100,IF(AND($C$7>=$P$4,$C$7<=$R$4),F65*$C$7*$T$4/100,IF(AND($C$7>=$P$3,$C$7<=$R$3),F65*$C$7*$T$3/100,IF($C$7>=$P$6,F65*$C$7*$T$6/100)))) -> 62.5 | H65: =SUM(H27:H32)/6 -> 3.4444444 | I65: =((5*C65)+E65)/6 -> 103.33333 | J65: =SUM(J27:J32)/6 -> 3.25 | K65: =((5*C65)+E65+G65)/7 -> 97.5
A66: ø 14-22 | B66: =SUM(B27:B34)/8 -> 2.8125 | C66: =IF(AND($C$7>=$P$5,$C$7<=$R$5),B66*$C$7*$T$5/100,IF(AND($C$7>=$P$4,$C$7<=$R$4),B66*$C$7*$T$4/100,IF(AND($C$7>=$P$3,$C$7<=$R$3),B66*$C$7*$T$3/100,IF($C$7>=$P$6,B66*$C$7*$T$6/100)))) -> 84.375 | D66: =SUM(D27:D34)/8 -> 3.25 | E66: =IF(AND($C$7>=$P$5,$C$7<=$R$5),D66*$C$7*$T$5/100,IF(AND($C$7>=$P$4,$C$7<=$R$4),D66*$C$7*$T$4/100,IF(AND($C$7>=$P$3,$C$7<=$R$3),D66*$C$7*$T$3/100,IF($C$7>=$P$6,D66*$C$7*$T$6/100)))) -> 97.5 | F66: =SUM(F27:F34)/8 -> 1.8125 | G66: =IF(AND($C$7>=$P$5,$C$7<=$R$5),F66*$C$7*$T$5/100,IF(AND($C$7>=$P$4,$C$7<=$R$4),F66*$C$7*$T$4/100,IF(AND($C$7>=$P$3,$C$7<=$R$3),F66*$C$7*$T$3/100,IF($C$7>=$P$6,F66*$C$7*$T$6/100)))) -> 54.375 | H66: =SUM(H27:H34)/8 -> 2.8854167 | I66: =((5*C66)+E66)/6 -> 86.5625 | J66: =SUM(J27:J34)/8 -> 2.7321429 | K66: =((5*C66)+E66+G66)/7 -> 81.964286
A67: ø 14-24 | B67: =SUM(B27:B36)/10 -> 2.45 | C67: =IF(AND($C$7>=$P$5,$C$7<=$R$5),B67*$C$7*$T$5/100,IF(AND($C$7>=$P$4,$C$7<=$R$4),B67*$C$7*$T$4/100,IF(AND($C$7>=$P$3,$C$7<=$R$3),B67*$C$7*$T$3/100,IF($C$7>=$P$6,B67*$C$7*$T$6/100)))) -> 73.5 | D67: =SUM(D27:D36)/10 -> 2.8 | E67: =IF(AND($C$7>=$P$5,$C$7<=$R$5),D67*$C$7*$T$5/100,IF(AND($C$7>=$P$4,$C$7<=$R$4),D67*$C$7*$T$4/100,IF(AND($C$7>=$P$3,$C$7<=$R$3),D67*$C$7*$T$3/100,IF($C$7>=$P$6,D67*$C$7*$T$6/100)))) -> 84 | F67: =SUM(F27:F36)/10 -> 1.65 | G67: =IF(AND($C$7>=$P$5,$C$7<=$R$5),F67*$C$7*$T$5/100,IF(AND($C$7>=$P$4,$C$7<=$R$4),F67*$C$7*$T$4/100,IF(AND($C$7>=$P$3,$C$7<=$R$3),F67*$C$7*$T$3/100,IF($C$7>=$P$6,F67*$C$7*$T$6/100)))) -> 49.5 | H67: =SUM(H27:H36)/10 -> 2.5083333 | I67: =((5*C67)+E67)/6 -> 75.25 | J67: =SUM(J27:J36)/10 -> 2.3857143 | K67: =((5*C67)+E67+G67)/7 -> 71.571429
A68: ø 15-21 | B68: =SUM(B28:B33)/6 -> 2.9166667 | C68: =IF(AND($C$7>=$P$5,$C$7<=$R$5),B68*$C$7*$T$5/100,IF(AND($C$7>=$P$4,$C$7<=$R$4),B68*$C$7*$T$4/100,IF(AND($C$7>=$P$3,$C$7<=$R$3),B68*$C$7*$T$3/100,IF($C$7>=$P$6,B68*$C$7*$T$6/100)))) -> 87.5 | D68: =SUM(D28:D33)/6 -> 3.3333333 | E68: =IF(AND($C$7>=$P$5,$C$7<=$R$5),D68*$C$7*$T$5/100,IF(AND($C$7>=$P$4,$C$7<=$R$4),D68*$C$7*$T$4/100,IF(AND($C$7>=$P$3,$C$7<=$R$3),D68*$C$7*$T$3/100,IF($C$7>=$P$6,D68*$C$7*$T$6/100)))) -> 100 | F68: =SUM(F28:F33)/6 -> 1.4166667 | G68: =IF(AND($C$7>=$P$5,$C$7<=$R$5),F68*$C$7*$T$5/100,IF(AND($C$7>=$P$4,$C$7<=$R$4),F68*$C$7*$T$4/100,IF(AND($C$7>=$P$3,$C$7<=$R$3),F68*$C$7*$T$3/100,IF($C$7>=$P$6,F68*$C$7*$T$6/100)))) -> 42.5 | H68: =SUM(H28:H33)/6 -> 2.9861111 | I68: =((5*C68)+E68)/6 -> 89.583333 | J68: =SUM(J28:J33)/6 -> 2.7619048 | K68: =((5*C68)+E68+G68)/7 -> 82.857143
A69: ø 15-22 | B69: =SUM(B28:B34)/7 -> 2.6428571 | C69: =IF(AND($C$7>=$P$5,$C$7<=$R$5),B69*$C$7*$T$5/100,IF(AND($C$7>=$P$4,$C$7<=$R$4),B69*$C$7*$T$4/100,IF(AND($C$7>=$P$3,$C$7<=$R$3),B69*$C$7*$T$3/100,IF($C$7>=$P$6,B69*$C$7*$T$6/100)))) -> 79.285714 | D69: =SUM(D28:D34)/7 -> 3 | E69: =IF(AND($C$7>=$P$5,$C$7<=$R$5),D69*$C$7*$T$5/100,IF(AND($C$7>=$P$4,$C$7<=$R$4),D69*$C$7*$T$4/100,IF(AND($C$7>=$P$3,$C$7<=$R$3),D69*$C$7*$T$3/100,IF($C$7>=$P$6,D69*$C$7*$T$6/100)))) -> 90 | F69: =SUM(F28:F34)/7 -> 1.3571429 | G69: =IF(AND($C$7>=$P$5,$C$7<=$R$5),F69*$C$7*$T$5/100,IF(AND($C$7>=$P$4,$C$7<=$R$4),F69*$C$7*$T$4/100,IF(AND($C$7>=$P$3,$C$7<=$R$3),F69*$C$7*$T$3/100,IF($C$7>=$P$6,F69*$C$7*$T$6/100)))) -> 40.714286 | H69: =SUM(H28:H34)/7 -> 2.702381 | I69: =((5*C69)+E69)/6 -> 81.071429 | J69: =SUM(J28:J34)/7 -> 2.5102041 | K69: =((5*C69)+E69+G69)/7 -> 75.306122
A70: ø 15-24 | B70: =SUM(B28:B36)/9 -> 2.2777778 | C70: =IF(AND($C$7>=$P$5,$C$7<=$R$5),B70*$C$7*$T$5/100,IF(AND($C$7>=$P$4,$C$7<=$R$4),B70*$C$7*$T$4/100,IF(AND($C$7>=$P$3,$C$7<=$R$3),B70*$C$7*$T$3/100,IF($C$7>=$P$6,B70*$C$7*$T$6/100)))) -> 68.333333 | D70: =SUM(D28:D36)/9 -> 2.5555556 | E70: =IF(AND($C$7>=$P$5,$C$7<=$R$5),D70*$C$7*$T$5/100,IF(AND($C$7>=$P$4,$C$7<=$R$4),D70*$C$7*$T$4/100,IF(AND($C$7>=$P$3,$C$7<=$R$3),D70*$C$7*$T$3/100,IF($C$7>=$P$6,D70*$C$7*$T$6/100)))) -> 76.666667 | F70: =SUM(F28:F36)/9 -> 1.2777778 | G70: =IF(AND($C$7>=$P$5,$C$7<=$R$5),F70*$C$7*$T$5/100,IF(AND($C$7>=$P$4,$C$7<=$R$4),F70*$C$7*$T$4/100,IF(AND($C$7>=$P$3,$C$7<=$R$3),F70*$C$7*$T$3/100,IF($C$7>=$P$6,F70*$C$7*$T$6/100)))) -> 38.333333 | H70: =SUM(H28:H36)/9 -> 2.3240741 | I70: =((5*C70)+E70)/6 -> 69.722222 | J70: =SUM(J28:J36)/9 -> 2.1746032 | K70: =((5*C70)+E70+G70)/7 -> 65.238095
A71: Ø 16-19 | B71: =SUM(B29:B31)/3 -> 3.3333333 | C71: =IF(AND($C$7>=$P$5,$C$7<=$R$5),B71*$C$7*$T$5/100,IF(AND($C$7>=$P$4,$C$7<=$R$4),B71*$C$7*$T$4/100,IF(AND($C$7>=$P$3,$C$7<=$R$3),B71*$C$7*$T$3/100,IF($C$7>=$P$6,B71*$C$7*$T$6/100)))) -> 100 | D71: =SUM(D29:D31)/3 -> 4 | E71: =IF(AND($C$7>=$P$5,$C$7<=$R$5),D71*$C$7*$T$5/100,IF(AND($C$7>=$P$4,$C$7<=$R$4),D71*$C$7*$T$4/100,IF(AND($C$7>=$P$3,$C$7<=$R$3),D71*$C$7*$T$3/100,IF($C$7>=$P$6,D71*$C$7*$T$6/100)))) -> 120 | F71: =SUM(F29:F31)/3 -> 1.5 | G71: =IF(AND($C$7>=$P$5,$C$7<=$R$5),F71*$C$7*$T$5/100,IF(AND($C$7>=$P$4,$C$7<=$R$4),F71*$C$7*$T$4/100,IF(AND($C$7>=$P$3,$C$7<=$R$3),F71*$C$7*$T$3/100,IF($C$7>=$P$6,F71*$C$7*$T$6/100)))) -> 45 | H71: =SUM(H29:H31)/3 -> 3.4444444 | I71: =((5*C71)+E71)/6 -> 103.33333 | J71: =SUM(J29:J31)/3 -> 3.1666667 | K71: =((5*C71)+E71+G71)/7 -> 95
A72: ø 17-19 | B72: =SUM(B30:B31)/2 -> 3 | C72: =IF(AND($C$7>=$P$5,$C$7<=$R$5),B72*$C$7*$T$5/100,IF(AND($C$7>=$P$4,$C$7<=$R$4),B72*$C$7*$T$4/100,IF(AND($C$7>=$P$3,$C$7<=$R$3),B72*$C$7*$T$3/100,IF($C$7>=$P$6,B72*$C$7*$T$6/100)))) -> 90 | D72: =SUM(D30:D31)/2 -> 3.5 | E72: =IF(AND($C$7>=$P$5,$C$7<=$R$5),D72*$C$7*$T$5/100,IF(AND($C$7>=$P$4,$C$7<=$R$4),D72*$C$7*$T$4/100,IF(AND($C$7>=$P$3,$C$7<=$R$3),D72*$C$7*$T$3/100,IF($C$7>=$P$6,D72*$C$7*$T$6/100)))) -> 105 | F72: =SUM(F30:F31)/2 -> 1.25 | G72: =IF(AND($C$7>=$P$5,$C$7<=$R$5),F72*$C$7*$T$5/100,IF(AND($C$7>=$P$4,$C$7<=$R$4),F72*$C$7*$T$4/100,IF(AND($C$7>=$P$3,$C$7<=$R$3),F72*$C$7*$T$3/100,IF($C$7>=$P$6,F72*$C$7*$T$6/100)))) -> 37.5 | H72: =SUM(H30:H31)/2 -> 3.0833333 | I72: =((5*C72)+E72)/6 -> 92.5 | J72: =SUM(J30:J31)/2 -> 2.8214286 | K72: =((5*C72)+E72+G72)/7 -> 84.642857
A73: ø 17-21 | B73: =SUM(B30:B33)/4 -> 2.375 | C73: =IF(AND($C$7>=$P$5,$C$7<=$R$5),B73*$C$7*$T$5/100,IF(AND($C$7>=$P$4,$C$7<=$R$4),B73*$C$7*$T$4/100,IF(AND($C$7>=$P$3,$C$7<=$R$3),B73*$C$7*$T$3/100,IF($C$7>=$P$6,B73*$C$7*$T$6/100)))) -> 71.25 | D73: =SUM(D30:D33)/4 -> 2.5 | E73: =IF(AND($C$7>=$P$5,$C$7<=$R$5),D73*$C$7*$T$5/100,IF(AND($C$7>=$P$4,$C$7<=$R$4),D73*$C$7*$T$4/100,IF(AND($C$7>=$P$3,$C$7<=$R$3),D73*$C$7*$T$3/100,IF($C$7>=$P$6,D73*$C$7*$T$6/100)))) -> 75 | F73: =SUM(F30:F33)/4 -> 1.125 | G73: =IF(AND($C$7>=$P$5,$C$7<=$R$5),F73*$C$7*$T$5/100,IF(AND($C$7>=$P$4,$C$7<=$R$4),F73*$C$7*$T$4/100,IF(AND($C$7>=$P$3,$C$7<=$R$3),F73*$C$7*$T$3/100,IF($C$7>=$P$6,F73*$C$7*$T$6/100)))) -> 33.75 | H73: =SUM(H30:H33)/4 -> 2.3958333 | I73: =((5*C73)+E73)/6 -> 71.875 | J73: =SUM(J30:J33)/4 -> 2.2142857 | K73: =((5*C73)+E73+G73)/7 -> 66.428571
A74: ø 18-21 | B74: =SUM(B31:B33)/3 -> 2.1666667 | C74: =IF(AND($C$7>=$P$5,$C$7<=$R$5),B74*$C$7*$T$5/100,IF(AND($C$7>=$P$4,$C$7<=$R$4),B74*$C$7*$T$4/100,IF(AND($C$7>=$P$3,$C$7<=$R$3),B74*$C$7*$T$3/100,IF($C$7>=$P$6,B74*$C$7*$T$6/100)))) -> 65 | D74: =SUM(D31:D33)/3 -> 1.6666667 | E74: =IF(AND($C$7>=$P$5,$C$7<=$R$5),D74*$C$7*$T$5/100,IF(AND($C$7>=$P$4,$C$7<=$R$4),D74*$C$7*$T$4/100,IF(AND($C$7>=$P$3,$C$7<=$R$3),D74*$C$7*$T$3/100,IF($C$7>=$P$6,D74*$C$7*$T$6/100)))) -> 50 | F74: =SUM(F31:F33)/3 -> 1 | G74: =IF(AND($C$7>=$P$5,$C$7<=$R$5),F74*$C$7*$T$5/100,IF(AND($C$7>=$P$4,$C$7<=$R$4),F74*$C$7*$T$4/100,IF(AND($C$7>=$P$3,$C$7<=$R$3),F74*$C$7*$T$3/100,IF($C$7>=$P$6,F74*$C$7*$T$6/100)))) -> 30 | H74: =SUM(H31:H33)/3 -> 2.0833333 | I74: =((5*C74)+E74)/6 -> 62.5 | J74: =SUM(J31:J33)/3 -> 1.9285714 | K74: =((5*C74)+E74+G74)/7 -> 57.857143
A75: ø 18-22 | B75: =SUM(B31:B34)/4 -> 1.875 | C75: =IF(AND($C$7>=$P$5,$C$7<=$R$5),B75*$C$7*$T$5/100,IF(AND($C$7>=$P$4,$C$7<=$R$4),B75*$C$7*$T$4/100,IF(AND($C$7>=$P$3,$C$7<=$R$3),B75*$C$7*$T$3/100,IF($C$7>=$P$6,B75*$C$7*$T$6/100)))) -> 56.25 | D75: =SUM(D31:D34)/4 -> 1.5 | E75: =IF(AND($C$7>=$P$5,$C$7<=$R$5),D75*$C$7*$T$5/100,IF(AND($C$7>=$P$4,$C$7<=$R$4),D75*$C$7*$T$4/100,IF(AND($C$7>=$P$3,$C$7<=$R$3),D75*$C$7*$T$3/100,IF($C$7>=$P$6,D75*$C$7*$T$6/100)))) -> 45 | F75: =SUM(F31:F34)/4 -> 1 | G75: =IF(AND($C$7>=$P$5,$C$7<=$R$5),F75*$C$7*$T$5/100,IF(AND($C$7>=$P$4,$C$7<=$R$4),F75*$C$7*$T$4/100,IF(AND($C$7>=$P$3,$C$7<=$R$3),F75*$C$7*$T$3/100,IF($C$7>=$P$6,F75*$C$7*$T$6/100)))) -> 30 | H75: =SUM(H31:H34)/4 -> 1.8125 | I75: =((5*C75)+E75)/6 -> 54.375 | J75: =SUM(J31:J34)/4 -> 1.6964286 | K75: =((5*C75)+E75+G75)/7 -> 50.892857
A76: ø 18-24 | B76: =SUM(B31:B36)/6 -> 1.5833333 | C76: =IF(AND($C$7>=$P$5,$C$7<=$R$5),B76*$C$7*$T$5/100,IF(AND($C$7>=$P$4,$C$7<=$R$4),B76*$C$7*$T$4/100,IF(AND($C$7>=$P$3,$C$7<=$R$3),B76*$C$7*$T$3/100,IF($C$7>=$P$6,B76*$C$7*$T$6/100)))) -> 47.5 | D76: =SUM(D31:D36)/6 -> 1.3333333 | E76: =IF(AND($C$7>=$P$5,$C$7<=$R$5),D76*$C$7*$T$5/100,IF(AND($C$7>=$P$4,$C$7<=$R$4),D76*$C$7*$T$4/100,IF(AND($C$7>=$P$3,$C$7<=$R$3),D76*$C$7*$T$3/100,IF($C$7>=$P$6,D76*$C$7*$T$6/100)))) -> 40 | F76: =SUM(F31:F36)/6 -> 1 | G76: =IF(AND($C$7>=$P$5,$C$7<=$R$5),F76*$C$7*$T$5/100,IF(AND($C$7>=$P$4,$C$7<=$R$4),F76*$C$7*$T$4/100,IF(AND($C$7>=$P$3,$C$7<=$R$3),F76*$C$7*$T$3/100,IF($C$7>=$P$6,F76*$C$7*$T$6/100)))) -> 30 | H76: =SUM(H31:H36)/6 -> 1.5416667 | I76: =((5*C76)+E76)/6 -> 46.25 | J76: =SUM(J31:J36)/6 -> 1.4642857 | K76: =((5*C76)+E76+G76)/7 -> 43.928571
A77: ø 19-24 | B77: =SUM(B32:B36)/5 -> 1.3 | C77: =IF(AND($C$7>=$P$5,$C$7<=$R$5),B77*$C$7*$T$5/100,IF(AND($C$7>=$P$4,$C$7<=$R$4),B77*$C$7*$T$4/100,IF(AND($C$7>=$P$3,$C$7<=$R$3),B77*$C$7*$T$3/100,IF($C$7>=$P$6,B77*$C$7*$T$6/100)))) -> 39 | D77: =SUM(D32:D36)/5 -> 1.2 | E77: =IF(AND($C$7>=$P$5,$C$7<=$R$5),D77*$C$7*$T$5/100,IF(AND($C$7>=$P$4,$C$7<=$R$4),D77*$C$7*$T$4/100,IF(AND($C$7>=$P$3,$C$7<=$R$3),D77*$C$7*$T$3/100,IF($C$7>=$P$6,D77*$C$7*$T$6/100)))) -> 36 | F77: =SUM(F32:F36)/5 -> 1 | G77: =IF(AND($C$7>=$P$5,$C$7<=$R$5),F77*$C$7*$T$5/100,IF(AND($C$7>=$P$4,$C$7<=$R$4),F77*$C$7*$T$4/100,IF(AND($C$7>=$P$3,$C$7<=$R$3),F77*$C$7*$T$3/100,IF($C$7>=$P$6,F77*$C$7*$T$6/100)))) -> 30 | H77: =SUM(H32:H36)/5 -> 1.2833333 | I77: =((5*C77)+E77)/6 -> 38.5 | J77: =SUM(J32:J36)/5 -> 1.2428571 | K77: =((5*C77)+E77+G77)/7 -> 37.285714
A78: ø 20-24 | B78: =SUM(B33:B36)/4 -> 1.125 | C78: =IF(AND($C$7>=$P$5,$C$7<=$R$5),B78*$C$7*$T$5/100,IF(AND($C$7>=$P$4,$C$7<=$R$4),B78*$C$7*$T$4/100,IF(AND($C$7>=$P$3,$C$7<=$R$3),B78*$C$7*$T$3/100,IF($C$7>=$P$6,B78*$C$7*$T$6/100)))) -> 33.75 | D78: =SUM(D33:D36)/4 -> 1 | E78: =IF(AND($C$7>=$P$5,$C$7<=$R$5),D78*$C$7*$T$5/100,IF(AND($C$7>=$P$4,$C$7<=$R$4),D78*$C$7*$T$4/100,IF(AND($C$7>=$P$3,$C$7<=$R$3),D78*$C$7*$T$3/100,IF($C$7>=$P$6,D78*$C$7*$T$6/100)))) -> 30 | F78: =SUM(F33:F36)/4 -> 1 | G78: =IF(AND($C$7>=$P$5,$C$7<=$R$5),F78*$C$7*$T$5/100,IF(AND($C$7>=$P$4,$C$7<=$R$4),F78*$C$7*$T$4/100,IF(AND($C$7>=$P$3,$C$7<=$R$3),F78*$C$7*$T$3/100,IF($C$7>=$P$6,F78*$C$7*$T$6/100)))) -> 30 | H78: =SUM(H33:H36)/4 -> 1.1041667 | I78: =((5*C78)+E78)/6 -> 33.125 | J78: =SUM(J33:J36)/4 -> 1.0892857 | K78: =((5*C78)+E78+G78)/7 -> 32.678571
A115: Mo-Fr
A116: Sa
A117: So
A118: Mo-Sa
A119: Mo-So

Sheet Planer 80er 90er OAHH
A4: Preise 2026 (gültig ab 1. Januar 2026)
B6: Kunde: | I6: Spots Gesamt | M6: =B41+F41+J41 -> 0 | R6: Spotlängenbonus | V6: Index | BE6: =WEEKDAY(AP7,2) -> 6 | BF6: =DAYS360(AP7,AP8)+1 -> 1
B7: Produkt: | I7: Sekunden Ges. | M7: =G9*M6 -> 0 | R7: 1 | S7: - | T7: 15 | U7: Sek. | V7: 110
B8: Agentur: | I8: Euro | M8: =E41+I41+M41 -> 0 | R8: 16 | S8: - | T8: 24 | U8: Sek. | V8: 105
B9: Spotlänge in Sekunden: | G9: 10 | I9: Rabatt | L9: 0 | M9: =M8*L9 -> 0 | R9: 25 | S9: - | T9: 34 | U9: Sek. | V9: 100
B10: Aufschlag in % | G10: 50 | I10: Netto 1 | M10: =M8-M9 -> 0 | R10: 35 | S10: - | T10: 99 | U10: Sek. | V10: 95
I11: AE | L11: 0 | M11: =M10*L11 -> 0
I12: Netto 2 | M12: =M10-M11 -> 0
A14: UHRZEIT | B14: MONTAG - FREITAG | F14: SAMSTAG | J14: SONNTAG | N14: WOCHE 1 | U14: WOCHE 2 | AB14: WOCHE 3 | AI14: WOCHE 4 | AP14: WOCHE 5 | AW14: WOCHE 6
C15: Euro/ | D15: Euro/ | E15: Euro/ | G15: Euro/ | H15: Euro/ | I15: Euro/ | K15: Euro/ | L15: Euro/ | M15: Euro/ | N15: Mo | O15: Di | P15: Mi | Q15: Do | R15: Fr | S15: Sa | T15: So | U15: Mo | V15: Di | W15: Mi | X15: Do | Y15: Fr | Z15: Sa | AA15: So | AB15: Mo | AC15: Di | AD15: Mi | AE15: Do | AF15: Fr | AG15: Sa | AH15: So | AI15: Mo | AJ15: Di | AK15: Mi | AL15: Do | AM15: Fr | AN15: Sa | AO15: So | AP15: Mo | AQ15: Di | AR15: Mi | AS15: Do | AT15: Fr | AU15: Sa | AV15: So | AW15: Mo | AX15: Di | AY15: Mi | AZ15: Do | BA15: Fr | BB15: Sa | BC15: So
B16: Anz. | C16: Sek. | D16: Spot | E16: ges. | F16: Anz. | G16: Sek. | H16: Spot | I16: ges. | J16: Anz. | K16: Sek. | L16: Spot | M16: ges. | N16: =IF(BE6=1,1,"") | O16: =IF($BE6=2,1,IF($BE6=1,2,"")) | P16: =IF($BE6=3,1,IF($BE6=2,2,IF(BE6=1,3,""))) | Q16: =IF($BE6=4,1,IF($BE6=3,2,IF(BE6=2,3,IF(BE6=1,4,"")))) | R16: =IF($BE6=5,1,IF($BE6=4,2,IF(BE6=3,3,IF(BE6=2,4,IF(BE6=1,5,"")))))
A17: 0-1 Uhr | B17: =SUM(N17:R17,U17:Y17,AB17:AF17,AI17:AM17,AP17:AT17,AW17:BA17) -> 0 | C17: ='Preise 80er 90er OAHH'!B13 -> 1 | D17: =IF(AND($G$9>=$R$9,$G$9<=$T$9),C17*$G$9*$V$9/100,IF(AND($G$9>=$R$8,$G$9<=$T$8),C17*$G$9*$V$8/100,IF(AND($G$9>=$R$7,$G$9<=$T$7),C17*$G$9*$V$7/100,IF($G$9>=$R$10,C17*$G$9*$V$10/100)))) -> 11 | E17: =B17*D17*(100+$G$10)/100 -> 0 | F17: =SUM(S17,Z17,AG17,AN17,AU17,BB17) -> 0 | G17: ='Preise 80er 90er OAHH'!D14 -> 1 | H17: =IF(AND($G$9>=$R$9,$G$9<=$T$9),G17*$G$9*$V$9/100,IF(AND($G$9>=$R$8,$G$9<=$T$8),G17*$G$9*$V$8/100,IF(AND($G$9>=$R$7,$G$9<=$T$7),G17*$G$9*$V$7/100,IF($G$9>=$R$10,G17*$G$9*$V$10/100)))) -> 11 | I17: =F17*H17*(100+$G$10)/100 -> 0 | J17: =SUM(T17,AA17,AH17,AO17,AV17,BC17) -> 0 | K17: ='Preise 80er 90er OAHH'!F14 -> 1 | L17: =IF(AND($G$9>=$R$9,$G$9<=$T$9),K17*$G$9*$V$9/100,IF(AND($G$9>=$R$8,$G$9<=$T$8),K17*$G$9*$V$8/100,IF(AND($G$9>=$R$7,$G$9<=$T$7),K17*$G$9*$V$7/100,IF($G$9>=$R$10,K17*$G$9*$V$10/100)))) -> 11 | M17: =J17*L17*(100+$G$10)/100 -> 0 | BF17: =IF($AJ3<6000,0,0.025) -> 0
A18: 1-2 Uhr | B18: =SUM(N18:R18,U18:Y18,AB18:AF18,AI18:AM18,AP18:AT18,AW18:BA18) -> 0 | C18: ='Preise 80er 90er OAHH'!B14 -> 1 | D18: =IF(AND($G$9>=$R$9,$G$9<=$T$9),C18*$G$9*$V$9/100,IF(AND($G$9>=$R$8,$G$9<=$T$8),C18*$G$9*$V$8/100,IF(AND($G$9>=$R$7,$G$9<=$T$7),C18*$G$9*$V$7/100,IF($G$9>=$R$10,C18*$G$9*$V$10/100)))) -> 11 | E18: =B18*D18*(100+$G$10)/100 -> 0 | F18: =SUM(S18,Z18,AG18,AN18,AU18,BB18) -> 0 | G18: ='Preise 80er 90er OAHH'!D14 -> 1 | H18: =IF(AND($G$9>=$R$9,$G$9<=$T$9),G18*$G$9*$V$9/100,IF(AND($G$9>=$R$8,$G$9<=$T$8),G18*$G$9*$V$8/100,IF(AND($G$9>=$R$7,$G$9<=$T$7),G18*$G$9*$V$7/100,IF($G$9>=$R$10,G18*$G$9*$V$10/100)))) -> 11 | I18: =F18*H18*(100+$G$10)/100 -> 0 | J18: =SUM(T18,AA18,AH18,AO18,AV18,BC18) -> 0 | K18: ='Preise 80er 90er OAHH'!F14 -> 1 | L18: =IF(AND($G$9>=$R$9,$G$9<=$T$9),K18*$G$9*$V$9/100,IF(AND($G$9>=$R$8,$G$9<=$T$8),K18*$G$9*$V$8/100,IF(AND($G$9>=$R$7,$G$9<=$T$7),K18*$G$9*$V$7/100,IF($G$9>=$R$10,K18*$G$9*$V$10/100)))) -> 11 | M18: =J18*L18*(100+$G$10)/100 -> 0 | BF18: =IF($AJ3<6000,0,0.025) -> 0
A19: 2-3 Uhr | B19: =SUM(N19:R19,U19:Y19,AB19:AF19,AI19:AM19,AP19:AT19,AW19:BA19) -> 0 | C19: ='Preise 80er 90er OAHH'!B15 -> 1 | D19: =IF(AND($G$9>=$R$9,$G$9<=$T$9),C19*$G$9*$V$9/100,IF(AND($G$9>=$R$8,$G$9<=$T$8),C19*$G$9*$V$8/100,IF(AND($G$9>=$R$7,$G$9<=$T$7),C19*$G$9*$V$7/100,IF($G$9>=$R$10,C19*$G$9*$V$10/100)))) -> 11 | E19: =B19*D19*(100+$G$10)/100 -> 0 | F19: =SUM(S19,Z19,AG19,AN19,AU19,BB19) -> 0 | G19: ='Preise 80er 90er OAHH'!D15 -> 1 | H19: =IF(AND($G$9>=$R$9,$G$9<=$T$9),G19*$G$9*$V$9/100,IF(AND($G$9>=$R$8,$G$9<=$T$8),G19*$G$9*$V$8/100,IF(AND($G$9>=$R$7,$G$9<=$T$7),G19*$G$9*$V$7/100,IF($G$9>=$R$10,G19*$G$9*$V$10/100)))) -> 11 | I19: =F19*H19*(100+$G$10)/100 -> 0 | J19: =SUM(T19,AA19,AH19,AO19,AV19,BC19) -> 0 | K19: ='Preise 80er 90er OAHH'!F15 -> 1 | L19: =IF(AND($G$9>=$R$9,$G$9<=$T$9),K19*$G$9*$V$9/100,IF(AND($G$9>=$R$8,$G$9<=$T$8),K19*$G$9*$V$8/100,IF(AND($G$9>=$R$7,$G$9<=$T$7),K19*$G$9*$V$7/100,IF($G$9>=$R$10,K19*$G$9*$V$10/100)))) -> 11 | M19: =J19*L19*(100+$G$10)/100 -> 0 | BF19: =IF($AJ4<6000,0,0.025) -> 0
A20: 3-4 Uhr | B20: =SUM(N20:R20,U20:Y20,AB20:AF20,AI20:AM20,AP20:AT20,AW20:BA20) -> 0 | C20: ='Preise 80er 90er OAHH'!B16 -> 1 | D20: =IF(AND($G$9>=$R$9,$G$9<=$T$9),C20*$G$9*$V$9/100,IF(AND($G$9>=$R$8,$G$9<=$T$8),C20*$G$9*$V$8/100,IF(AND($G$9>=$R$7,$G$9<=$T$7),C20*$G$9*$V$7/100,IF($G$9>=$R$10,C20*$G$9*$V$10/100)))) -> 11 | E20: =B20*D20*(100+$G$10)/100 -> 0 | F20: =SUM(S20,Z20,AG20,AN20,AU20,BB20) -> 0 | G20: ='Preise 80er 90er OAHH'!D16 -> 1 | H20: =IF(AND($G$9>=$R$9,$G$9<=$T$9),G20*$G$9*$V$9/100,IF(AND($G$9>=$R$8,$G$9<=$T$8),G20*$G$9*$V$8/100,IF(AND($G$9>=$R$7,$G$9<=$T$7),G20*$G$9*$V$7/100,IF($G$9>=$R$10,G20*$G$9*$V$10/100)))) -> 11 | I20: =F20*H20*(100+$G$10)/100 -> 0 | J20: =SUM(T20,AA20,AH20,AO20,AV20,BC20) -> 0 | K20: ='Preise 80er 90er OAHH'!F16 -> 1 | L20: =IF(AND($G$9>=$R$9,$G$9<=$T$9),K20*$G$9*$V$9/100,IF(AND($G$9>=$R$8,$G$9<=$T$8),K20*$G$9*$V$8/100,IF(AND($G$9>=$R$7,$G$9<=$T$7),K20*$G$9*$V$7/100,IF($G$9>=$R$10,K20*$G$9*$V$10/100)))) -> 11 | M20: =J20*L20*(100+$G$10)/100 -> 0 | BF20: =IF($AJ5<6000,0,0.025) -> 0
A21: 4-5 Uhr | B21: =SUM(N21:R21,U21:Y21,AB21:AF21,AI21:AM21,AP21:AT21,AW21:BA21) -> 0 | C21: ='Preise 80er 90er OAHH'!B17 -> 1 | D21: =IF(AND($G$9>=$R$9,$G$9<=$T$9),C21*$G$9*$V$9/100,IF(AND($G$9>=$R$8,$G$9<=$T$8),C21*$G$9*$V$8/100,IF(AND($G$9>=$R$7,$G$9<=$T$7),C21*$G$9*$V$7/100,IF($G$9>=$R$10,C21*$G$9*$V$10/100)))) -> 11 | E21: =B21*D21*(100+$G$10)/100 -> 0 | F21: =SUM(S21,Z21,AG21,AN21,AU21,BB21) -> 0 | G21: ='Preise 80er 90er OAHH'!D17 -> 1 | H21: =IF(AND($G$9>=$R$9,$G$9<=$T$9),G21*$G$9*$V$9/100,IF(AND($G$9>=$R$8,$G$9<=$T$8),G21*$G$9*$V$8/100,IF(AND($G$9>=$R$7,$G$9<=$T$7),G21*$G$9*$V$7/100,IF($G$9>=$R$10,G21*$G$9*$V$10/100)))) -> 11 | I21: =F21*H21*(100+$G$10)/100 -> 0 | J21: =SUM(T21,AA21,AH21,AO21,AV21,BC21) -> 0 | K21: ='Preise 80er 90er OAHH'!F17 -> 1 | L21: =IF(AND($G$9>=$R$9,$G$9<=$T$9),K21*$G$9*$V$9/100,IF(AND($G$9>=$R$8,$G$9<=$T$8),K21*$G$9*$V$8/100,IF(AND($G$9>=$R$7,$G$9<=$T$7),K21*$G$9*$V$7/100,IF($G$9>=$R$10,K21*$G$9*$V$10/100)))) -> 11 | M21: =J21*L21*(100+$G$10)/100 -> 0 | BF21: =IF($AJ6<6000,0,0.025) -> 0
A22: 5-6 Uhr | B22: =SUM(N22:R22,U22:Y22,AB22:AF22,AI22:AM22,AP22:AT22,AW22:BA22) -> 0 | C22: ='Preise 80er 90er OAHH'!B18 -> 1 | D22: =IF(AND($G$9>=$R$9,$G$9<=$T$9),C22*$G$9*$V$9/100,IF(AND($G$9>=$R$8,$G$9<=$T$8),C22*$G$9*$V$8/100,IF(AND($G$9>=$R$7,$G$9<=$T$7),C22*$G$9*$V$7/100,IF($G$9>=$R$10,C22*$G$9*$V$10/100)))) -> 11 | E22: =B22*D22*(100+$G$10)/100 -> 0 | F22: =SUM(S22,Z22,AG22,AN22,AU22,BB22) -> 0 | G22: ='Preise 80er 90er OAHH'!D18 -> 1 | H22: =IF(AND($G$9>=$R$9,$G$9<=$T$9),G22*$G$9*$V$9/100,IF(AND($G$9>=$R$8,$G$9<=$T$8),G22*$G$9*$V$8/100,IF(AND($G$9>=$R$7,$G$9<=$T$7),G22*$G$9*$V$7/100,IF($G$9>=$R$10,G22*$G$9*$V$10/100)))) -> 11 | I22: =F22*H22*(100+$G$10)/100 -> 0 | J22: =SUM(T22,AA22,AH22,AO22,AV22,BC22) -> 0 | K22: ='Preise 80er 90er OAHH'!F18 -> 1 | L22: =IF(AND($G$9>=$R$9,$G$9<=$T$9),K22*$G$9*$V$9/100,IF(AND($G$9>=$R$8,$G$9<=$T$8),K22*$G$9*$V$8/100,IF(AND($G$9>=$R$7,$G$9<=$T$7),K22*$G$9*$V$7/100,IF($G$9>=$R$10,K22*$G$9*$V$10/100)))) -> 11 | M22: =J22*L22*(100+$G$10)/100 -> 0 | BF22: =IF($AJ7<6000,0,0.025) -> 0
A23: 6-7 Uhr | B23: =SUM(N23:R23,U23:Y23,AB23:AF23,AI23:AM23,AP23:AT23,AW23:BA23) -> 0 | C23: ='Preise 80er 90er OAHH'!B19 -> 5 | D23: =IF(AND($G$9>=$R$9,$G$9<=$T$9),C23*$G$9*$V$9/100,IF(AND($G$9>=$R$8,$G$9<=$T$8),C23*$G$9*$V$8/100,IF(AND($G$9>=$R$7,$G$9<=$T$7),C23*$G$9*$V$7/100,IF($G$9>=$R$10,C23*$G$9*$V$10/100)))) -> 55 | E23: =B23*D23*(100+$G$10)/100 -> 0 | F23: =SUM(S23,Z23,AG23,AN23,AU23,BB23) -> 0 | G23: ='Preise 80er 90er OAHH'!D19 -> 2 | H23: =IF(AND($G$9>=$R$9,$G$9<=$T$9),G23*$G$9*$V$9/100,IF(AND($G$9>=$R$8,$G$9<=$T$8),G23*$G$9*$V$8/100,IF(AND($G$9>=$R$7,$G$9<=$T$7),G23*$G$9*$V$7/100,IF($G$9>=$R$10,G23*$G$9*$V$10/100)))) -> 22 | I23: =F23*H23*(100+$G$10)/100 -> 0 | J23: =SUM(T23,AA23,AH23,AO23,AV23,BC23) -> 0 | K23: ='Preise 80er 90er OAHH'!F19 -> 1 | L23: =IF(AND($G$9>=$R$9,$G$9<=$T$9),K23*$G$9*$V$9/100,IF(AND($G$9>=$R$8,$G$9<=$T$8),K23*$G$9*$V$8/100,IF(AND($G$9>=$R$7,$G$9<=$T$7),K23*$G$9*$V$7/100,IF($G$9>=$R$10,K23*$G$9*$V$10/100)))) -> 11 | M23: =J23*L23*(100+$G$10)/100 -> 0 | BF23: =IF($AJ7<9000,0,0.025) -> 0
A24: 7-8 Uhr | B24: =SUM(N24:R24,U24:Y24,AB24:AF24,AI24:AM24,AP24:AT24,AW24:BA24) -> 0 | C24: ='Preise 80er 90er OAHH'!B20 -> 8 | D24: =IF(AND($G$9>=$R$9,$G$9<=$T$9),C24*$G$9*$V$9/100,IF(AND($G$9>=$R$8,$G$9<=$T$8),C24*$G$9*$V$8/100,IF(AND($G$9>=$R$7,$G$9<=$T$7),C24*$G$9*$V$7/100,IF($G$9>=$R$10,C24*$G$9*$V$10/100)))) -> 88 | E24: =B24*D24*(100+$G$10)/100 -> 0 | F24: =SUM(S24,Z24,AG24,AN24,AU24,BB24) -> 0 | G24: ='Preise 80er 90er OAHH'!D20 -> 3 | H24: =IF(AND($G$9>=$R$9,$G$9<=$T$9),G24*$G$9*$V$9/100,IF(AND($G$9>=$R$8,$G$9<=$T$8),G24*$G$9*$V$8/100,IF(AND($G$9>=$R$7,$G$9<=$T$7),G24*$G$9*$V$7/100,IF($G$9>=$R$10,G24*$G$9*$V$10/100)))) -> 33 | I24: =F24*H24*(100+$G$10)/100 -> 0 | J24: =SUM(T24,AA24,AH24,AO24,AV24,BC24) -> 0 | K24: ='Preise 80er 90er OAHH'!F20 -> 1.5 | L24: =IF(AND($G$9>=$R$9,$G$9<=$T$9),K24*$G$9*$V$9/100,IF(AND($G$9>=$R$8,$G$9<=$T$8),K24*$G$9*$V$8/100,IF(AND($G$9>=$R$7,$G$9<=$T$7),K24*$G$9*$V$7/100,IF($G$9>=$R$10,K24*$G$9*$V$10/100)))) -> 16.5 | M24: =J24*L24*(100+$G$10)/100 -> 0 | BF24: =IF($AJ7<12000,0,0.05) -> 0
A25: 8-9 Uhr | B25: =SUM(N25:R25,U25:Y25,AB25:AF25,AI25:AM25,AP25:AT25,AW25:BA25) -> 0 | C25: ='Preise 80er 90er OAHH'!B21 -> 8 | D25: =IF(AND($G$9>=$R$9,$G$9<=$T$9),C25*$G$9*$V$9/100,IF(AND($G$9>=$R$8,$G$9<=$T$8),C25*$G$9*$V$8/100,IF(AND($G$9>=$R$7,$G$9<=$T$7),C25*$G$9*$V$7/100,IF($G$9>=$R$10,C25*$G$9*$V$10/100)))) -> 88 | E25: =B25*D25*(100+$G$10)/100 -> 0 | F25: =SUM(S25,Z25,AG25,AN25,AU25,BB25) -> 0 | G25: ='Preise 80er 90er OAHH'!D21 -> 6 | H25: =IF(AND($G$9>=$R$9,$G$9<=$T$9),G25*$G$9*$V$9/100,IF(AND($G$9>=$R$8,$G$9<=$T$8),G25*$G$9*$V$8/100,IF(AND($G$9>=$R$7,$G$9<=$T$7),G25*$G$9*$V$7/100,IF($G$9>=$R$10,G25*$G$9*$V$10/100)))) -> 66 | I25: =F25*H25*(100+$G$10)/100 -> 0 | J25: =SUM(T25,AA25,AH25,AO25,AV25,BC25) -> 0 | K25: ='Preise 80er 90er OAHH'!F21 -> 10 | L25: =IF(AND($G$9>=$R$9,$G$9<=$T$9),K25*$G$9*$V$9/100,IF(AND($G$9>=$R$8,$G$9<=$T$8),K25*$G$9*$V$8/100,IF(AND($G$9>=$R$7,$G$9<=$T$7),K25*$G$9*$V$7/100,IF($G$9>=$R$10,K25*$G$9*$V$10/100)))) -> 110 | M25: =J25*L25*(100+$G$10)/100 -> 0 | BF25: =SUM(BF22:BF24) -> 0 | BG25: =AI8 -> 0 | BH25: =BG25*(1-BF25) -> 0
A26: 9-10 Uhr | B26: =SUM(N26:R26,U26:Y26,AB26:AF26,AI26:AM26,AP26:AT26,AW26:BA26) -> 0 | C26: ='Preise 80er 90er OAHH'!B22 -> 5 | D26: =IF(AND($G$9>=$R$9,$G$9<=$T$9),C26*$G$9*$V$9/100,IF(AND($G$9>=$R$8,$G$9<=$T$8),C26*$G$9*$V$8/100,IF(AND($G$9>=$R$7,$G$9<=$T$7),C26*$G$9*$V$7/100,IF($G$9>=$R$10,C26*$G$9*$V$10/100)))) -> 55 | E26: =B26*D26*(100+$G$10)/100 -> 0 | F26: =SUM(S26,Z26,AG26,AN26,AU26,BB26) -> 0 | G26: ='Preise 80er 90er OAHH'!D22 -> 6 | H26: =IF(AND($G$9>=$R$9,$G$9<=$T$9),G26*$G$9*$V$9/100,IF(AND($G$9>=$R$8,$G$9<=$T$8),G26*$G$9*$V$8/100,IF(AND($G$9>=$R$7,$G$9<=$T$7),G26*$G$9*$V$7/100,IF($G$9>=$R$10,G26*$G$9*$V$10/100)))) -> 66 | I26: =F26*H26*(100+$G$10)/100 -> 0 | J26: =SUM(T26,AA26,AH26,AO26,AV26,BC26) -> 0 | K26: ='Preise 80er 90er OAHH'!F22 -> 14 | L26: =IF(AND($G$9>=$R$9,$G$9<=$T$9),K26*$G$9*$V$9/100,IF(AND($G$9>=$R$8,$G$9<=$T$8),K26*$G$9*$V$8/100,IF(AND($G$9>=$R$7,$G$9<=$T$7),K26*$G$9*$V$7/100,IF($G$9>=$R$10,K26*$G$9*$V$10/100)))) -> 154 | M26: =J26*L26*(100+$G$10)/100 -> 0
A27: 10-11 Uhr | B27: =SUM(N27:R27,U27:Y27,AB27:AF27,AI27:AM27,AP27:AT27,AW27:BA27) -> 0 | C27: ='Preise 80er 90er OAHH'!B23 -> 5 | D27: =IF(AND($G$9>=$R$9,$G$9<=$T$9),C27*$G$9*$V$9/100,IF(AND($G$9>=$R$8,$G$9<=$T$8),C27*$G$9*$V$8/100,IF(AND($G$9>=$R$7,$G$9<=$T$7),C27*$G$9*$V$7/100,IF($G$9>=$R$10,C27*$G$9*$V$10/100)))) -> 55 | E27: =B27*D27*(100+$G$10)/100 -> 0 | F27: =SUM(S27,Z27,AG27,AN27,AU27,BB27) -> 0 | G27: ='Preise 80er 90er OAHH'!D23 -> 7 | H27: =IF(AND($G$9>=$R$9,$G$9<=$T$9),G27*$G$9*$V$9/100,IF(AND($G$9>=$R$8,$G$9<=$T$8),G27*$G$9*$V$8/100,IF(AND($G$9>=$R$7,$G$9<=$T$7),G27*$G$9*$V$7/100,IF($G$9>=$R$10,G27*$G$9*$V$10/100)))) -> 77 | I27: =F27*H27*(100+$G$10)/100 -> 0 | J27: =SUM(T27,AA27,AH27,AO27,AV27,BC27) -> 0 | K27: ='Preise 80er 90er OAHH'!F23 -> 7 | L27: =IF(AND($G$9>=$R$9,$G$9<=$T$9),K27*$G$9*$V$9/100,IF(AND($G$9>=$R$8,$G$9<=$T$8),K27*$G$9*$V$8/100,IF(AND($G$9>=$R$7,$G$9<=$T$7),K27*$G$9*$V$7/100,IF($G$9>=$R$10,K27*$G$9*$V$10/100)))) -> 77 | M27: =J27*L27*(100+$G$10)/100 -> 0
A28: 11-12 Uhr | B28: =SUM(N28:R28,U28:Y28,AB28:AF28,AI28:AM28,AP28:AT28,AW28:BA28) -> 0 | C28: ='Preise 80er 90er OAHH'!B24 -> 5 | D28: =IF(AND($G$9>=$R$9,$G$9<=$T$9),C28*$G$9*$V$9/100,IF(AND($G$9>=$R$8,$G$9<=$T$8),C28*$G$9*$V$8/100,IF(AND($G$9>=$R$7,$G$9<=$T$7),C28*$G$9*$V$7/100,IF($G$9>=$R$10,C28*$G$9*$V$10/100)))) -> 55 | E28: =B28*D28*(100+$G$10)/100 -> 0 | F28: =SUM(S28,Z28,AG28,AN28,AU28,BB28) -> 0 | G28: ='Preise 80er 90er OAHH'!D24 -> 8 | H28: =IF(AND($G$9>=$R$9,$G$9<=$T$9),G28*$G$9*$V$9/100,IF(AND($G$9>=$R$8,$G$9<=$T$8),G28*$G$9*$V$8/100,IF(AND($G$9>=$R$7,$G$9<=$T$7),G28*$G$9*$V$7/100,IF($G$9>=$R$10,G28*$G$9*$V$10/100)))) -> 88 | I28: =F28*H28*(100+$G$10)/100 -> 0 | J28: =SUM(T28,AA28,AH28,AO28,AV28,BC28) -> 0 | K28: ='Preise 80er 90er OAHH'!F24 -> 6 | L28: =IF(AND($G$9>=$R$9,$G$9<=$T$9),K28*$G$9*$V$9/100,IF(AND($G$9>=$R$8,$G$9<=$T$8),K28*$G$9*$V$8/100,IF(AND($G$9>=$R$7,$G$9<=$T$7),K28*$G$9*$V$7/100,IF($G$9>=$R$10,K28*$G$9*$V$10/100)))) -> 66 | M28: =J28*L28*(100+$G$10)/100 -> 0
A29: 12-13 Uhr | B29: =SUM(N29:R29,U29:Y29,AB29:AF29,AI29:AM29,AP29:AT29,AW29:BA29) -> 0 | C29: ='Preise 80er 90er OAHH'!B25 -> 5 | D29: =IF(AND($G$9>=$R$9,$G$9<=$T$9),C29*$G$9*$V$9/100,IF(AND($G$9>=$R$8,$G$9<=$T$8),C29*$G$9*$V$8/100,IF(AND($G$9>=$R$7,$G$9<=$T$7),C29*$G$9*$V$7/100,IF($G$9>=$R$10,C29*$G$9*$V$10/100)))) -> 55 | E29: =B29*D29*(100+$G$10)/100 -> 0 | F29: =SUM(S29,Z29,AG29,AN29,AU29,BB29) -> 0 | G29: ='Preise 80er 90er OAHH'!D25 -> 4 | H29: =IF(AND($G$9>=$R$9,$G$9<=$T$9),G29*$G$9*$V$9/100,IF(AND($G$9>=$R$8,$G$9<=$T$8),G29*$G$9*$V$8/100,IF(AND($G$9>=$R$7,$G$9<=$T$7),G29*$G$9*$V$7/100,IF($G$9>=$R$10,G29*$G$9*$V$10/100)))) -> 44 | I29: =F29*H29*(100+$G$10)/100 -> 0 | J29: =SUM(T29,AA29,AH29,AO29,AV29,BC29) -> 0 | K29: ='Preise 80er 90er OAHH'!F25 -> 5 | L29: =IF(AND($G$9>=$R$9,$G$9<=$T$9),K29*$G$9*$V$9/100,IF(AND($G$9>=$R$8,$G$9<=$T$8),K29*$G$9*$V$8/100,IF(AND($G$9>=$R$7,$G$9<=$T$7),K29*$G$9*$V$7/100,IF($G$9>=$R$10,K29*$G$9*$V$10/100)))) -> 55 | M29: =J29*L29*(100+$G$10)/100 -> 0
A30: 13-14 Uhr | B30: =SUM(N30:R30,U30:Y30,AB30:AF30,AI30:AM30,AP30:AT30,AW30:BA30) -> 0 | C30: ='Preise 80er 90er OAHH'!B26 -> 4 | D30: =IF(AND($G$9>=$R$9,$G$9<=$T$9),C30*$G$9*$V$9/100,IF(AND($G$9>=$R$8,$G$9<=$T$8),C30*$G$9*$V$8/100,IF(AND($G$9>=$R$7,$G$9<=$T$7),C30*$G$9*$V$7/100,IF($G$9>=$R$10,C30*$G$9*$V$10/100)))) -> 44 | E30: =B30*D30*(100+$G$10)/100 -> 0 | F30: =SUM(S30,Z30,AG30,AN30,AU30,BB30) -> 0 | G30: ='Preise 80er 90er OAHH'!D26 -> 4 | H30: =IF(AND($G$9>=$R$9,$G$9<=$T$9),G30*$G$9*$V$9/100,IF(AND($G$9>=$R$8,$G$9<=$T$8),G30*$G$9*$V$8/100,IF(AND($G$9>=$R$7,$G$9<=$T$7),G30*$G$9*$V$7/100,IF($G$9>=$R$10,G30*$G$9*$V$10/100)))) -> 44 | I30: =F30*H30*(100+$G$10)/100 -> 0 | J30: =SUM(T30,AA30,AH30,AO30,AV30,BC30) -> 0 | K30: ='Preise 80er 90er OAHH'!F26 -> 5 | L30: =IF(AND($G$9>=$R$9,$G$9<=$T$9),K30*$G$9*$V$9/100,IF(AND($G$9>=$R$8,$G$9<=$T$8),K30*$G$9*$V$8/100,IF(AND($G$9>=$R$7,$G$9<=$T$7),K30*$G$9*$V$7/100,IF($G$9>=$R$10,K30*$G$9*$V$10/100)))) -> 55 | M30: =J30*L30*(100+$G$10)/100 -> 0
A31: 14-15 Uhr | B31: =SUM(N31:R31,U31:Y31,AB31:AF31,AI31:AM31,AP31:AT31,AW31:BA31) -> 0 | C31: ='Preise 80er 90er OAHH'!B27 -> 4 | D31: =IF(AND($G$9>=$R$9,$G$9<=$T$9),C31*$G$9*$V$9/100,IF(AND($G$9>=$R$8,$G$9<=$T$8),C31*$G$9*$V$8/100,IF(AND($G$9>=$R$7,$G$9<=$T$7),C31*$G$9*$V$7/100,IF($G$9>=$R$10,C31*$G$9*$V$10/100)))) -> 44 | E31: =B31*D31*(100+$G$10)/100 -> 0 | F31: =SUM(S31,Z31,AG31,AN31,AU31,BB31) -> 0 | G31: ='Preise 80er 90er OAHH'!D27 -> 5 | H31: =IF(AND($G$9>=$R$9,$G$9<=$T$9),G31*$G$9*$V$9/100,IF(AND($G$9>=$R$8,$G$9<=$T$8),G31*$G$9*$V$8/100,IF(AND($G$9>=$R$7,$G$9<=$T$7),G31*$G$9*$V$7/100,IF($G$9>=$R$10,G31*$G$9*$V$10/100)))) -> 55 | I31: =F31*H31*(100+$G$10)/100 -> 0 | J31: =SUM(T31,AA31,AH31,AO31,AV31,BC31) -> 0 | K31: ='Preise 80er 90er OAHH'!F27 -> 5 | L31: =IF(AND($G$9>=$R$9,$G$9<=$T$9),K31*$G$9*$V$9/100,IF(AND($G$9>=$R$8,$G$9<=$T$8),K31*$G$9*$V$8/100,IF(AND($G$9>=$R$7,$G$9<=$T$7),K31*$G$9*$V$7/100,IF($G$9>=$R$10,K31*$G$9*$V$10/100)))) -> 55 | M31: =J31*L31*(100+$G$10)/100 -> 0
A32: 15-16 Uhr | B32: =SUM(N32:R32,U32:Y32,AB32:AF32,AI32:AM32,AP32:AT32,AW32:BA32) -> 0 | C32: ='Preise 80er 90er OAHH'!B28 -> 4 | D32: =IF(AND($G$9>=$R$9,$G$9<=$T$9),C32*$G$9*$V$9/100,IF(AND($G$9>=$R$8,$G$9<=$T$8),C32*$G$9*$V$8/100,IF(AND($G$9>=$R$7,$G$9<=$T$7),C32*$G$9*$V$7/100,IF($G$9>=$R$10,C32*$G$9*$V$10/100)))) -> 44 | E32: =B32*D32*(100+$G$10)/100 -> 0 | F32: =SUM(S32,Z32,AG32,AN32,AU32,BB32) -> 0 | G32: ='Preise 80er 90er OAHH'!D28 -> 5 | H32: =IF(AND($G$9>=$R$9,$G$9<=$T$9),G32*$G$9*$V$9/100,IF(AND($G$9>=$R$8,$G$9<=$T$8),G32*$G$9*$V$8/100,IF(AND($G$9>=$R$7,$G$9<=$T$7),G32*$G$9*$V$7/100,IF($G$9>=$R$10,G32*$G$9*$V$10/100)))) -> 55 | I32: =F32*H32*(100+$G$10)/100 -> 0 | J32: =SUM(T32,AA32,AH32,AO32,AV32,BC32) -> 0 | K32: ='Preise 80er 90er OAHH'!F28 -> 2 | L32: =IF(AND($G$9>=$R$9,$G$9<=$T$9),K32*$G$9*$V$9/100,IF(AND($G$9>=$R$8,$G$9<=$T$8),K32*$G$9*$V$8/100,IF(AND($G$9>=$R$7,$G$9<=$T$7),K32*$G$9*$V$7/100,IF($G$9>=$R$10,K32*$G$9*$V$10/100)))) -> 22 | M32: =J32*L32*(100+$G$10)/100 -> 0
A33: 16-17 Uhr | B33: =SUM(N33:R33,U33:Y33,AB33:AF33,AI33:AM33,AP33:AT33,AW33:BA33) -> 0 | C33: ='Preise 80er 90er OAHH'!B29 -> 4 | D33: =IF(AND($G$9>=$R$9,$G$9<=$T$9),C33*$G$9*$V$9/100,IF(AND($G$9>=$R$8,$G$9<=$T$8),C33*$G$9*$V$8/100,IF(AND($G$9>=$R$7,$G$9<=$T$7),C33*$G$9*$V$7/100,IF($G$9>=$R$10,C33*$G$9*$V$10/100)))) -> 44 | E33: =B33*D33*(100+$G$10)/100 -> 0 | F33: =SUM(S33,Z33,AG33,AN33,AU33,BB33) -> 0 | G33: ='Preise 80er 90er OAHH'!D29 -> 5 | H33: =IF(AND($G$9>=$R$9,$G$9<=$T$9),G33*$G$9*$V$9/100,IF(AND($G$9>=$R$8,$G$9<=$T$8),G33*$G$9*$V$8/100,IF(AND($G$9>=$R$7,$G$9<=$T$7),G33*$G$9*$V$7/100,IF($G$9>=$R$10,G33*$G$9*$V$10/100)))) -> 55 | I33: =F33*H33*(100+$G$10)/100 -> 0 | J33: =SUM(T33,AA33,AH33,AO33,AV33,BC33) -> 0 | K33: ='Preise 80er 90er OAHH'!F29 -> 2 | L33: =IF(AND($G$9>=$R$9,$G$9<=$T$9),K33*$G$9*$V$9/100,IF(AND($G$9>=$R$8,$G$9<=$T$8),K33*$G$9*$V$8/100,IF(AND($G$9>=$R$7,$G$9<=$T$7),K33*$G$9*$V$7/100,IF($G$9>=$R$10,K33*$G$9*$V$10/100)))) -> 22 | M33: =J33*L33*(100+$G$10)/100 -> 0
A34: 17-18 Uhr | B34: =SUM(N34:R34,U34:Y34,AB34:AF34,AI34:AM34,AP34:AT34,AW34:BA34) -> 0 | C34: ='Preise 80er 90er OAHH'!B30 -> 3 | D34: =IF(AND($G$9>=$R$9,$G$9<=$T$9),C34*$G$9*$V$9/100,IF(AND($G$9>=$R$8,$G$9<=$T$8),C34*$G$9*$V$8/100,IF(AND($G$9>=$R$7,$G$9<=$T$7),C34*$G$9*$V$7/100,IF($G$9>=$R$10,C34*$G$9*$V$10/100)))) -> 33 | E34: =B34*D34*(100+$G$10)/100 -> 0 | F34: =SUM(S34,Z34,AG34,AN34,AU34,BB34) -> 0 | G34: ='Preise 80er 90er OAHH'!D30 -> 5 | H34: =IF(AND($G$9>=$R$9,$G$9<=$T$9),G34*$G$9*$V$9/100,IF(AND($G$9>=$R$8,$G$9<=$T$8),G34*$G$9*$V$8/100,IF(AND($G$9>=$R$7,$G$9<=$T$7),G34*$G$9*$V$7/100,IF($G$9>=$R$10,G34*$G$9*$V$10/100)))) -> 55 | I34: =F34*H34*(100+$G$10)/100 -> 0 | J34: =SUM(T34,AA34,AH34,AO34,AV34,BC34) -> 0 | K34: ='Preise 80er 90er OAHH'!F30 -> 1.5 | L34: =IF(AND($G$9>=$R$9,$G$9<=$T$9),K34*$G$9*$V$9/100,IF(AND($G$9>=$R$8,$G$9<=$T$8),K34*$G$9*$V$8/100,IF(AND($G$9>=$R$7,$G$9<=$T$7),K34*$G$9*$V$7/100,IF($G$9>=$R$10,K34*$G$9*$V$10/100)))) -> 16.5 | M34: =J34*L34*(100+$G$10)/100 -> 0
A35: 18-19 Uhr | B35: =SUM(N35:R35,U35:Y35,AB35:AF35,AI35:AM35,AP35:AT35,AW35:BA35) -> 0 | C35: ='Preise 80er 90er OAHH'!B31 -> 3 | D35: =IF(AND($G$9>=$R$9,$G$9<=$T$9),C35*$G$9*$V$9/100,IF(AND($G$9>=$R$8,$G$9<=$T$8),C35*$G$9*$V$8/100,IF(AND($G$9>=$R$7,$G$9<=$T$7),C35*$G$9*$V$7/100,IF($G$9>=$R$10,C35*$G$9*$V$10/100)))) -> 33 | E35: =B35*D35*(100+$G$10)/100 -> 0 | F35: =SUM(S35,Z35,AG35,AN35,AU35,BB35) -> 0 | G35: ='Preise 80er 90er OAHH'!D31 -> 2 | H35: =IF(AND($G$9>=$R$9,$G$9<=$T$9),G35*$G$9*$V$9/100,IF(AND($G$9>=$R$8,$G$9<=$T$8),G35*$G$9*$V$8/100,IF(AND($G$9>=$R$7,$G$9<=$T$7),G35*$G$9*$V$7/100,IF($G$9>=$R$10,G35*$G$9*$V$10/100)))) -> 22 | I35: =F35*H35*(100+$G$10)/100 -> 0 | J35: =SUM(T35,AA35,AH35,AO35,AV35,BC35) -> 0 | K35: ='Preise 80er 90er OAHH'!F31 -> 1 | L35: =IF(AND($G$9>=$R$9,$G$9<=$T$9),K35*$G$9*$V$9/100,IF(AND($G$9>=$R$8,$G$9<=$T$8),K35*$G$9*$V$8/100,IF(AND($G$9>=$R$7,$G$9<=$T$7),K35*$G$9*$V$7/100,IF($G$9>=$R$10,K35*$G$9*$V$10/100)))) -> 11 | M35: =J35*L35*(100+$G$10)/100 -> 0
A36: 19-20 Uhr | B36: =SUM(N36:R36,U36:Y36,AB36:AF36,AI36:AM36,AP36:AT36,AW36:BA36) -> 0 | C36: ='Preise 80er 90er OAHH'!B32 -> 2 | D36: =IF(AND($G$9>=$R$9,$G$9<=$T$9),C36*$G$9*$V$9/100,IF(AND($G$9>=$R$8,$G$9<=$T$8),C36*$G$9*$V$8/100,IF(AND($G$9>=$R$7,$G$9<=$T$7),C36*$G$9*$V$7/100,IF($G$9>=$R$10,C36*$G$9*$V$10/100)))) -> 22 | E36: =B36*D36*(100+$G$10)/100 -> 0 | F36: =SUM(S36,Z36,AG36,AN36,AU36,BB36) -> 0 | G36: ='Preise 80er 90er OAHH'!D32 -> 2 | H36: =IF(AND($G$9>=$R$9,$G$9<=$T$9),G36*$G$9*$V$9/100,IF(AND($G$9>=$R$8,$G$9<=$T$8),G36*$G$9*$V$8/100,IF(AND($G$9>=$R$7,$G$9<=$T$7),G36*$G$9*$V$7/100,IF($G$9>=$R$10,G36*$G$9*$V$10/100)))) -> 22 | I36: =F36*H36*(100+$G$10)/100 -> 0 | J36: =SUM(T36,AA36,AH36,AO36,AV36,BC36) -> 0 | K36: ='Preise 80er 90er OAHH'!F32 -> 1 | L36: =IF(AND($G$9>=$R$9,$G$9<=$T$9),K36*$G$9*$V$9/100,IF(AND($G$9>=$R$8,$G$9<=$T$8),K36*$G$9*$V$8/100,IF(AND($G$9>=$R$7,$G$9<=$T$7),K36*$G$9*$V$7/100,IF($G$9>=$R$10,K36*$G$9*$V$10/100)))) -> 11 | M36: =J36*L36*(100+$G$10)/100 -> 0
A37: 20-21 Uhr | B37: =SUM(N37:R37,U37:Y37,AB37:AF37,AI37:AM37,AP37:AT37,AW37:BA37) -> 0 | C37: ='Preise 80er 90er OAHH'!B33 -> 1.5 | D37: =IF(AND($G$9>=$R$9,$G$9<=$T$9),C37*$G$9*$V$9/100,IF(AND($G$9>=$R$8,$G$9<=$T$8),C37*$G$9*$V$8/100,IF(AND($G$9>=$R$7,$G$9<=$T$7),C37*$G$9*$V$7/100,IF($G$9>=$R$10,C37*$G$9*$V$10/100)))) -> 16.5 | E37: =B37*D37*(100+$G$10)/100 -> 0 | F37: =SUM(S37,Z37,AG37,AN37,AU37,BB37) -> 0 | G37: ='Preise 80er 90er OAHH'!D33 -> 1 | H37: =IF(AND($G$9>=$R$9,$G$9<=$T$9),G37*$G$9*$V$9/100,IF(AND($G$9>=$R$8,$G$9<=$T$8),G37*$G$9*$V$8/100,IF(AND($G$9>=$R$7,$G$9<=$T$7),G37*$G$9*$V$7/100,IF($G$9>=$R$10,G37*$G$9*$V$10/100)))) -> 11 | I37: =F37*H37*(100+$G$10)/100 -> 0 | J37: =SUM(T37,AA37,AH37,AO37,AV37,BC37) -> 0 | K37: ='Preise 80er 90er OAHH'!F33 -> 1 | L37: =IF(AND($G$9>=$R$9,$G$9<=$T$9),K37*$G$9*$V$9/100,IF(AND($G$9>=$R$8,$G$9<=$T$8),K37*$G$9*$V$8/100,IF(AND($G$9>=$R$7,$G$9<=$T$7),K37*$G$9*$V$7/100,IF($G$9>=$R$10,K37*$G$9*$V$10/100)))) -> 11 | M37: =J37*L37*(100+$G$10)/100 -> 0
... A40: 23-24 Uhr | B40: =SUM(N40:R40,U40:Y40,AB40:AF40,AI40:AM40,AP40:AT40,AW40:BA40) -> 0 | C40: ='Preise 80er 90er OAHH'!B36 -> 1 | D40: =IF(AND($G$9>=$R$9,$G$9<=$T$9),C40*$G$9*$V$9/100,IF(AND($G$9>=$R$8,$G$9<=$T$8),C40*$G$9*$V$8/100,IF(AND($G$9>=$R$7,$G$9<=$T$7),C40*$G$9*$V$7/100,IF($G$9>=$R$10,C40*$G$9*$V$10/100)))) -> 11 | E40: =B40*D40*(100+$G$10)/100 -> 0 | F40: =SUM(S40,Z40,AG40,AN40,AU40,BB40) -> 0 | G40: ='Preise 80er 90er OAHH'!D36 -> 1 | H40: =IF(AND($G$9>=$R$9,$G$9<=$T$9),G40*$G$9*$V$9/100,IF(AND($G$9>=$R$8,$G$9<=$T$8),G40*$G$9*$V$8/100,IF(AND($G$9>=$R$7,$G$9<=$T$7),G40*$G$9*$V$7/100,IF($G$9>=$R$10,G40*$G$9*$V$10/100)))) -> 11 | I40: =F40*H40*(100+$G$10)/100 -> 0 | J40: =SUM(T40,AA40,AH40,AO40,AV40,BC40) -> 0 | K40: ='Preise 80er 90er OAHH'!F36 -> 1 | L40: =IF(AND($G$9>=$R$9,$G$9<=$T$9),K40*$G$9*$V$9/100,IF(AND($G$9>=$R$8,$G$9<=$T$8),K40*$G$9*$V$8/100,IF(AND($G$9>=$R$7,$G$9<=$T$7),K40*$G$9*$V$7/100,IF($G$9>=$R$10,K40*$G$9*$V$10/100)))) -> 11 | M40: =J40*L40*(100+$G$10)/100 -> 0
A41: SUMME | B41: =SUM(B17:B40) -> 0 | E41: =SUM(E22:E40) -> 0 | F41: =SUM(F17:F40) -> 0 | I41: =SUM(I22:I40) -> 0 | J41: =SUM(J17:J40) -> 0 | M41: =SUM(M22:M40) -> 0 | N41: =SUM(N22:N40) -> 0 | O41: =SUM(O22:O40) -> 0 | P41: =SUM(P22:P40) -> 0 | Q41: =SUM(Q22:Q40) -> 0 | R41: =SUM(R22:R40) -> 0 | S41: =SUM(S22:S40) -> 0 | T41: =SUM(T22:T40) -> 0 | ... BC41: =SUM(BC22:BC40) -> 0

Sheet Preise MOREHHKombi
A1: Preise 2026 (gültig ab 1. Januar 2026) | E1: Bitte Wochentag und Zeitschine per Dropdown auswählen. Anzahl der Spots, Sekundenlänge und ggf. Rabatte eingeben
E2: Berechnung | P2: Spotlängenbonus | T2: Index
B3: Die MORE Hamburg-Kombi beinhaltet die 3 Sender: Radio Hamburg, HAMBURG ZWEI & ROCK ANTENNE Hamburg | E3: Wochentag | F3: Zeitschiene | G3: Anzahl Spots | H3: Invesition pro Spot | I3: Gesamtinvestition | J3: Abzgl. Cash-Rabatt | K3: Abzgl. 15%AE | L3: N/N Invest | M3: kummulierter Rabatt | N3: Payfaktor | P3: 1 | Q3: - | R3: 15 | S3: Sekunden | T3: 110
E4: Mo-Fr | F4: ø 06-18 | H4: =IF($E$4=$J$11,VLOOKUP($F$4,$A$37:$K$78,11,0),IF($E$4=$H$11,VLOOKUP($F$4,$A$37:$K$78,9,0),IF($E$4=$F$11,VLOOKUP($F$4,$A$37:$K$78,7,0),IF($E$4=$D$11,VLOOKUP($F$4,$A$37:$K$78,5,0),IF($E$4=$B$11,VLOOKUP($F$4,$A$37:$K$78,3,0)))))) -> 1440 | I4: =H4*G4 -> 0 | L4: =(I4-(I4*J4))-(I4-(I4*J4))*K4 -> 0 | M4: =1-L4/I4 -> #DIV/0! | N4: =(1-M4)*100 -> #DIV/0! | P4: 16 | Q4: - | R4: 24 | S4: Sekunden | T4: 105
E5: Mo-Fr | F5: ø 06-18 | H5: =IF($E$5=$J$11,VLOOKUP($F$5,$A$37:$K$78,11,0),IF($E$5=$H$11,VLOOKUP($F$5,$A$37:$K$78,9,0),IF($E$5=$F$11,VLOOKUP($F$5,$A$37:$K$78,7,0),IF($E$5=$D$11,VLOOKUP($F$5,$A$37:$K$78,5,0),IF($E$5=$B$11,VLOOKUP($F$5,$A$37:$K$78,3,0)))))) -> 1440 | I5: =H5*G5 -> 0 | L5: =(I5-(I5*J5))-(I5-(I5*J5))*K5 -> 0 | M5: =1-L5/I5 -> #DIV/0! | N5: =(1-M5)*100 -> #DIV/0! | P5: 25 | Q5: - | R5: 34 | S5: Sekunden | T5: 100
E6: Mo-Fr | F6: ø 06-18 | H6: =IF($E$6=$J$11,VLOOKUP($F$6,$A$37:$K$78,11,0),IF($E$6=$H$11,VLOOKUP($F$6,$A$37:$K$78,9,0),IF($E$6=$F$11,VLOOKUP($F$6,$A$37:$K$78,7,0),IF($E$6=$D$11,VLOOKUP($F$6,$A$37:$K$78,5,0),IF($E$6=$B$11,VLOOKUP($F$6,$A$37:$K$78,3,0)))))) -> 1440 | I6: =H6*G6 -> 0 | L6: =(I6-(I6*J6))-(I6-(I6*J6))*K6 -> 0 | M6: =1-L6/I6 -> #DIV/0! | N6: =(1-M6)*100 -> #DIV/0! | P6: 35 | Q6: - | R6: 99 | S6: Sekunden | T6: 95
A7: Sekundenlänge: | C7: 30 | E7: Mo-Fr | F7: ø 06-18 | H7: =IF($E$7=$J$11,VLOOKUP($F$7,$A$37:$K$78,11,0),IF($E$7=$H$11,VLOOKUP($F$7,$A$37:$K$78,9,0),IF($E$7=$F$11,VLOOKUP($F$7,$A$37:$K$78,7,0),IF($E$7=$D$11,VLOOKUP($F$7,$A$37:$K$78,5,0),IF($E$7=$B$11,VLOOKUP($F$7,$A$37:$K$78,3,0)))))) -> 1440 | I7: =H7*G7 -> 0 | L7: =(I7-(I7*J7))-(I7-(I7*J7))*K7 -> 0 | M7: =1-L7/I7 -> #DIV/0! | N7: =(1-M7)*100 -> #DIV/0!
A8: Single-Spot max 45 Sek. Berechnung: Länge + 50% | L8: =SUM(L4:L7) -> 0
A9: Erst-Letzt-Platzierung Berechnung: Länge + 30%
A10: SPOTPREIS
B11: Mo-Fr | D11: Sa | F11: So | H11: MO-SA | J11: MO-SO
A12: ZEITSCHIENE | B12: €/SEK. | C12: €/SPOT | D12: €/SEK. | E12: €/SPOT | F12: €/SEK. | G12: €/SPOT | H12: €/SEK. | I12: €/SPOT | J12: €/SEK. | K12: €/SPOT
A13: 0-1 | B13: 2 | C13: =IF(AND($C$7>=$P$5,$C$7<=$R$5),B13*$C$7*$T$5/100,IF(AND($C$7>=$P$4,$C$7<=$R$4),B13*$C$7*$T$4/100,IF(AND($C$7>=$P$3,$C$7<=$R$3),B13*$C$7*$T$3/100,IF($C$7>=$P$6,B13*$C$7*$T$6/100)))) -> 60 | D13: 2 | E13: =IF(AND($C$7>=$P$5,$C$7<=$R$5),D13*$C$7*$T$5/100,IF(AND($C$7>=$P$4,$C$7<=$R$4),D13*$C$7*$T$4/100,IF(AND($C$7>=$P$3,$C$7<=$R$3),D13*$C$7*$T$3/100,IF($C$7>=$P$6,D13*$C$7*$T$6/100)))) -> 60 | F13: 2 | G13: =IF(AND($C$7>=$P$5,$C$7<=$R$5),F13*$C$7*$T$5/100,IF(AND($C$7>=$P$4,$C$7<=$R$4),F13*$C$7*$T$4/100,IF(AND($C$7>=$P$3,$C$7<=$R$3),F13*$C$7*$T$3/100,IF($C$7>=$P$6,F13*$C$7*$T$6/100)))) -> 60 | H13: =((B13*5)+D13)/6 -> 2 | I13: =IF(AND($C$7>=$P$5,$C$7<=$R$5),H13*$C$7*$T$5/100,IF(AND($C$7>=$P$4,$C$7<=$R$4),H13*$C$7*$T$4/100,IF(AND($C$7>=$P$3,$C$7<=$R$3),H13*$C$7*$T$3/100,IF($C$7>=$P$6,H13*$C$7*$T$6/100)))) -> 60 | J13: =((B13*5)+D13+F13)/7 -> 2 | K13: =IF(AND($C$7>=$P$5,$C$7<=$R$5),J13*$C$7*$T$5/100,IF(AND($C$7>=$P$4,$C$7<=$R$4),J13*$C$7*$T$4/100,IF(AND($C$7>=$P$3,$C$7<=$R$3),J13*$C$7*$T$3/100,IF($C$7>=$P$6,J13*$C$7*$T$6/100)))) -> 60
A14: 1-2 | B14: 2 | C14: =IF(AND($C$7>=$P$5,$C$7<=$R$5),B14*$C$7*$T$5/100,IF(AND($C$7>=$P$4,$C$7<=$R$4),B14*$C$7*$T$4/100,IF(AND($C$7>=$P$3,$C$7<=$R$3),B14*$C$7*$T$3/100,IF($C$7>=$P$6,B14*$C$7*$T$6/100)))) -> 60 | D14: 2 | E14: =IF(AND($C$7>=$P$5,$C$7<=$R$5),D14*$C$7*$T$5/100,IF(AND($C$7>=$P$4,$C$7<=$R$4),D14*$C$7*$T$4/100,IF(AND($C$7>=$P$3,$C$7<=$R$3),D14*$C$7*$T$3/100,IF($C$7>=$P$6,D14*$C$7*$T$6/100)))) -> 60 | F14: 2 | G14: =IF(AND($C$7>=$P$5,$C$7<=$R$5),F14*$C$7*$T$5/100,IF(AND($C$7>=$P$4,$C$7<=$R$4),F14*$C$7*$T$4/100,IF(AND($C$7>=$P$3,$C$7<=$R$3),F14*$C$7*$T$3/100,IF($C$7>=$P$6,F14*$C$7*$T$6/100)))) -> 60 | H14: =((B14*5)+D14)/6 -> 2 | I14: =IF(AND($C$7>=$P$5,$C$7<=$R$5),H14*$C$7*$T$5/100,IF(AND($C$7>=$P$4,$C$7<=$R$4),H14*$C$7*$T$4/100,IF(AND($C$7>=$P$3,$C$7<=$R$3),H14*$C$7*$T$3/100,IF($C$7>=$P$6,H14*$C$7*$T$6/100)))) -> 60 | J14: =((B14*5)+D14+F14)/7 -> 2 | K14: =IF(AND($C$7>=$P$5,$C$7<=$R$5),J14*$C$7*$T$5/100,IF(AND($C$7>=$P$4,$C$7<=$R$4),J14*$C$7*$T$4/100,IF(AND($C$7>=$P$3,$C$7<=$R$3),J14*$C$7*$T$3/100,IF($C$7>=$P$6,J14*$C$7*$T$6/100)))) -> 60
A15: 2-3 | B15: 2 | C15: =IF(AND($C$7>=$P$5,$C$7<=$R$5),B15*$C$7*$T$5/100,IF(AND($C$7>=$P$4,$C$7<=$R$4),B15*$C$7*$T$4/100,IF(AND($C$7>=$P$3,$C$7<=$R$3),B15*$C$7*$T$3/100,IF($C$7>=$P$6,B15*$C$7*$T$6/100)))) -> 60 | D15: 2 | E15: =IF(AND($C$7>=$P$5,$C$7<=$R$5),D15*$C$7*$T$5/100,IF(AND($C$7>=$P$4,$C$7<=$R$4),D15*$C$7*$T$4/100,IF(AND($C$7>=$P$3,$C$7<=$R$3),D15*$C$7*$T$3/100,IF($C$7>=$P$6,D15*$C$7*$T$6/100)))) -> 60 | F15: 2 | G15: =IF(AND($C$7>=$P$5,$C$7<=$R$5),F15*$C$7*$T$5/100,IF(AND($C$7>=$P$4,$C$7<=$R$4),F15*$C$7*$T$4/100,IF(AND($C$7>=$P$3,$C$7<=$R$3),F15*$C$7*$T$3/100,IF($C$7>=$P$6,F15*$C$7*$T$6/100)))) -> 60 | H15: =((B15*5)+D15)/6 -> 2 | I15: =IF(AND($C$7>=$P$5,$C$7<=$R$5),H15*$C$7*$T$5/100,IF(AND($C$7>=$P$4,$C$7<=$R$4),H15*$C$7*$T$4/100,IF(AND($C$7>=$P$3,$C$7<=$R$3),H15*$C$7*$T$3/100,IF($C$7>=$P$6,H15*$C$7*$T$6/100)))) -> 60 | J15: =((B15*5)+D15+F15)/7 -> 2 | K15: =IF(AND($C$7>=$P$5,$C$7<=$R$5),J15*$C$7*$T$5/100,IF(AND($C$7>=$P$4,$C$7<=$R$4),J15*$C$7*$T$4/100,IF(AND($C$7>=$P$3,$C$7<=$R$3),J15*$C$7*$T$3/100,IF($C$7>=$P$6,J15*$C$7*$T$6/100)))) -> 60
A16: 3-4 | B16: 2 | C16: =IF(AND($C$7>=$P$5,$C$7<=$R$5),B16*$C$7*$T$5/100,IF(AND($C$7>=$P$4,$C$7<=$R$4),B16*$C$7*$T$4/100,IF(AND($C$7>=$P$3,$C$7<=$R$3),B16*$C$7*$T$3/100,IF($C$7>=$P$6,B16*$C$7*$T$6/100)))) -> 60 | D16: 2 | E16: =IF(AND($C$7>=$P$5,$C$7<=$R$5),D16*$C$7*$T$5/100,IF(AND($C$7>=$P$4,$C$7<=$R$4),D16*$C$7*$T$4/100,IF(AND($C$7>=$P$3,$C$7<=$R$3),D16*$C$7*$T$3/100,IF($C$7>=$P$6,D16*$C$7*$T$6/100)))) -> 60 | F16: 2 | G16: =IF(AND($C$7>=$P$5,$C$7<=$R$5),F16*$C$7*$T$5/100,IF(AND($C$7>=$P$4,$C$7<=$R$4),F16*$C$7*$T$4/100,IF(AND($C$7>=$P$3,$C$7<=$R$3),F16*$C$7*$T$3/100,IF($C$7>=$P$6,F16*$C$7*$T$6/100)))) -> 60 | H16: =((B16*5)+D16)/6 -> 2 | I16: =IF(AND($C$7>=$P$5,$C$7<=$R$5),H16*$C$7*$T$5/100,IF(AND($C$7>=$P$4,$C$7<=$R$4),H16*$C$7*$T$4/100,IF(AND($C$7>=$P$3,$C$7<=$R$3),H16*$C$7*$T$3/100,IF($C$7>=$P$6,H16*$C$7*$T$6/100)))) -> 60 | J16: =((B16*5)+D16+F16)/7 -> 2 | K16: =IF(AND($C$7>=$P$5,$C$7<=$R$5),J16*$C$7*$T$5/100,IF(AND($C$7>=$P$4,$C$7<=$R$4),J16*$C$7*$T$4/100,IF(AND($C$7>=$P$3,$C$7<=$R$3),J16*$C$7*$T$3/100,IF($C$7>=$P$6,J16*$C$7*$T$6/100)))) -> 60
A17: 4-5 | B17: 2 | C17: =IF(AND($C$7>=$P$5,$C$7<=$R$5),B17*$C$7*$T$5/100,IF(AND($C$7>=$P$4,$C$7<=$R$4),B17*$C$7*$T$4/100,IF(AND($C$7>=$P$3,$C$7<=$R$3),B17*$C$7*$T$3/100,IF($C$7>=$P$6,B17*$C$7*$T$6/100)))) -> 60 | D17: 2 | E17: =IF(AND($C$7>=$P$5,$C$7<=$R$5),D17*$C$7*$T$5/100,IF(AND($C$7>=$P$4,$C$7<=$R$4),D17*$C$7*$T$4/100,IF(AND($C$7>=$P$3,$C$7<=$R$3),D17*$C$7*$T$3/100,IF($C$7>=$P$6,D17*$C$7*$T$6/100)))) -> 60 | F17: 2 | G17: =IF(AND($C$7>=$P$5,$C$7<=$R$5),F17*$C$7*$T$5/100,IF(AND($C$7>=$P$4,$C$7<=$R$4),F17*$C$7*$T$4/100,IF(AND($C$7>=$P$3,$C$7<=$R$3),F17*$C$7*$T$3/100,IF($C$7>=$P$6,F17*$C$7*$T$6/100)))) -> 60 | H17: =((B17*5)+D17)/6 -> 2 | I17: =IF(AND($C$7>=$P$5,$C$7<=$R$5),H17*$C$7*$T$5/100,IF(AND($C$7>=$P$4,$C$7<=$R$4),H17*$C$7*$T$4/100,IF(AND($C$7>=$P$3,$C$7<=$R$3),H17*$C$7*$T$3/100,IF($C$7>=$P$6,H17*$C$7*$T$6/100)))) -> 60 | J17: =((B17*5)+D17+F17)/7 -> 2 | K17: =IF(AND($C$7>=$P$5,$C$7<=$R$5),J17*$C$7*$T$5/100,IF(AND($C$7>=$P$4,$C$7<=$R$4),J17*$C$7*$T$4/100,IF(AND($C$7>=$P$3,$C$7<=$R$3),J17*$C$7*$T$3/100,IF($C$7>=$P$6,J17*$C$7*$T$6/100)))) -> 60
A18: 5-6 | B18: 18 | C18: =IF(AND($C$7>=$P$5,$C$7<=$R$5),B18*$C$7*$T$5/100,IF(AND($C$7>=$P$4,$C$7<=$R$4),B18*$C$7*$T$4/100,IF(AND($C$7>=$P$3,$C$7<=$R$3),B18*$C$7*$T$3/100,IF($C$7>=$P$6,B18*$C$7*$T$6/100)))) -> 540 | D18: 4 | E18: =IF(AND($C$7>=$P$5,$C$7<=$R$5),D18*$C$7*$T$5/100,IF(AND($C$7>=$P$4,$C$7<=$R$4),D18*$C$7*$T$4/100,IF(AND($C$7>=$P$3,$C$7<=$R$3),D18*$C$7*$T$3/100,IF($C$7>=$P$6,D18*$C$7*$T$6/100)))) -> 120 | F18: 5 | G18: =IF(AND($C$7>=$P$5,$C$7<=$R$5),F18*$C$7*$T$5/100,IF(AND($C$7>=$P$4,$C$7<=$R$4),F18*$C$7*$T$4/100,IF(AND($C$7>=$P$3,$C$7<=$R$3),F18*$C$7*$T$3/100,IF($C$7>=$P$6,F18*$C$7*$T$6/100)))) -> 150 | H18: =((B18*5)+D18)/6 -> 15.666667 | I18: =IF(AND($C$7>=$P$5,$C$7<=$R$5),H18*$C$7*$T$5/100,IF(AND($C$7>=$P$4,$C$7<=$R$4),H18*$C$7*$T$4/100,IF(AND($C$7>=$P$3,$C$7<=$R$3),H18*$C$7*$T$3/100,IF($C$7>=$P$6,H18*$C$7*$T$6/100)))) -> 470 | J18: =((B18*5)+D18+F18)/7 -> 14.142857 | K18: =IF(AND($C$7>=$P$5,$C$7<=$R$5),J18*$C$7*$T$5/100,IF(AND($C$7>=$P$4,$C$7<=$R$4),J18*$C$7*$T$4/100,IF(AND($C$7>=$P$3,$C$7<=$R$3),J18*$C$7*$T$3/100,IF($C$7>=$P$6,J18*$C$7*$T$6/100)))) -> 424.28571
A19: 6-7 | B19: 60 | C19: =IF(AND($C$7>=$P$5,$C$7<=$R$5),B19*$C$7*$T$5/100,IF(AND($C$7>=$P$4,$C$7<=$R$4),B19*$C$7*$T$4/100,IF(AND($C$7>=$P$3,$C$7<=$R$3),B19*$C$7*$T$3/100,IF($C$7>=$P$6,B19*$C$7*$T$6/100)))) -> 1800 | D19: 15 | E19: =IF(AND($C$7>=$P$5,$C$7<=$R$5),D19*$C$7*$T$5/100,IF(AND($C$7>=$P$4,$C$7<=$R$4),D19*$C$7*$T$4/100,IF(AND($C$7>=$P$3,$C$7<=$R$3),D19*$C$7*$T$3/100,IF($C$7>=$P$6,D19*$C$7*$T$6/100)))) -> 450 | F19: 7 | G19: =IF(AND($C$7>=$P$5,$C$7<=$R$5),F19*$C$7*$T$5/100,IF(AND($C$7>=$P$4,$C$7<=$R$4),F19*$C$7*$T$4/100,IF(AND($C$7>=$P$3,$C$7<=$R$3),F19*$C$7*$T$3/100,IF($C$7>=$P$6,F19*$C$7*$T$6/100)))) -> 210 | H19: =((B19*5)+D19)/6 -> 52.5 | I19: =IF(AND($C$7>=$P$5,$C$7<=$R$5),H19*$C$7*$T$5/100,IF(AND($C$7>=$P$4,$C$7<=$R$4),H19*$C$7*$T$4/100,IF(AND($C$7>=$P$3,$C$7<=$R$3),H19*$C$7*$T$3/100,IF($C$7>=$P$6,H19*$C$7*$T$6/100)))) -> 1575 | J19: =((B19*5)+D19+F19)/7 -> 46 | K19: =IF(AND($C$7>=$P$5,$C$7<=$R$5),J19*$C$7*$T$5/100,IF(AND($C$7>=$P$4,$C$7<=$R$4),J19*$C$7*$T$4/100,IF(AND($C$7>=$P$3,$C$7<=$R$3),J19*$C$7*$T$3/100,IF($C$7>=$P$6,J19*$C$7*$T$6/100)))) -> 1380
A20: 7-8 | B20: 85 | C20: =IF(AND($C$7>=$P$5,$C$7<=$R$5),B20*$C$7*$T$5/100,IF(AND($C$7>=$P$4,$C$7<=$R$4),B20*$C$7*$T$4/100,IF(AND($C$7>=$P$3,$C$7<=$R$3),B20*$C$7*$T$3/100,IF($C$7>=$P$6,B20*$C$7*$T$6/100)))) -> 2550 | D20: 46 | E20: =IF(AND($C$7>=$P$5,$C$7<=$R$5),D20*$C$7*$T$5/100,IF(AND($C$7>=$P$4,$C$7<=$R$4),D20*$C$7*$T$4/100,IF(AND($C$7>=$P$3,$C$7<=$R$3),D20*$C$7*$T$3/100,IF($C$7>=$P$6,D20*$C$7*$T$6/100)))) -> 1380 | F20: 14 | G20: =IF(AND($C$7>=$P$5,$C$7<=$R$5),F20*$C$7*$T$5/100,IF(AND($C$7>=$P$4,$C$7<=$R$4),F20*$C$7*$T$4/100,IF(AND($C$7>=$P$3,$C$7<=$R$3),F20*$C$7*$T$3/100,IF($C$7>=$P$6,F20*$C$7*$T$6/100)))) -> 420 | H20: =((B20*5)+D20)/6 -> 78.5 | I20: =IF(AND($C$7>=$P$5,$C$7<=$R$5),H20*$C$7*$T$5/100,IF(AND($C$7>=$P$4,$C$7<=$R$4),H20*$C$7*$T$4/100,IF(AND($C$7>=$P$3,$C$7<=$R$3),H20*$C$7*$T$3/100,IF($C$7>=$P$6,H20*$C$7*$T$6/100)))) -> 2355 | J20: =((B20*5)+D20+F20)/7 -> 69.285714 | K20: =IF(AND($C$7>=$P$5,$C$7<=$R$5),J20*$C$7*$T$5/100,IF(AND($C$7>=$P$4,$C$7<=$R$4),J20*$C$7*$T$4/100,IF(AND($C$7>=$P$3,$C$7<=$R$3),J20*$C$7*$T$3/100,IF($C$7>=$P$6,J20*$C$7*$T$6/100)))) -> 2078.5714
A21: 8-9 | B21: 72 | C21: =IF(AND($C$7>=$P$5,$C$7<=$R$5),B21*$C$7*$T$5/100,IF(AND($C$7>=$P$4,$C$7<=$R$4),B21*$C$7*$T$4/100,IF(AND($C$7>=$P$3,$C$7<=$R$3),B21*$C$7*$T$3/100,IF($C$7>=$P$6,B21*$C$7*$T$6/100)))) -> 2160 | D21: 61 | E21: =IF(AND($C$7>=$P$5,$C$7<=$R$5),D21*$C$7*$T$5/100,IF(AND($C$7>=$P$4,$C$7<=$R$4),D21*$C$7*$T$4/100,IF(AND($C$7>=$P$3,$C$7<=$R$3),D21*$C$7*$T$3/100,IF($C$7>=$P$6,D21*$C$7*$T$6/100)))) -> 1830 | F21: 42 | G21: =IF(AND($C$7>=$P$5,$C$7<=$R$5),F21*$C$7*$T$5/100,IF(AND($C$7>=$P$4,$C$7<=$R$4),F21*$C$7*$T$4/100,IF(AND($C$7>=$P$3,$C$7<=$R$3),F21*$C$7*$T$3/100,IF($C$7>=$P$6,F21*$C$7*$T$6/100)))) -> 1260 | H21: =((B21*5)+D21)/6 -> 70.166667 | I21: =IF(AND($C$7>=$P$5,$C$7<=$R$5),H21*$C$7*$T$5/100,IF(AND($C$7>=$P$4,$C$7<=$R$4),H21*$C$7*$T$4/100,IF(AND($C$7>=$P$3,$C$7<=$R$3),H21*$C$7*$T$3/100,IF($C$7>=$P$6,H21*$C$7*$T$6/100)))) -> 2105 | J21: =((B21*5)+D21+F21)/7 -> 66.142857 | K21: =IF(AND($C$7>=$P$5,$C$7<=$R$5),J21*$C$7*$T$5/100,IF(AND($C$7>=$P$4,$C$7<=$R$4),J21*$C$7*$T$4/100,IF(AND($C$7>=$P$3,$C$7<=$R$3),J21*$C$7*$T$3/100,IF($C$7>=$P$6,J21*$C$7*$T$6/100)))) -> 1984.2857
A22: 9-10 | B22: 60 | C22: =IF(AND($C$7>=$P$5,$C$7<=$R$5),B22*$C$7*$T$5/100,IF(AND($C$7>=$P$4,$C$7<=$R$4),B22*$C$7*$T$4/100,IF(AND($C$7>=$P$3,$C$7<=$R$3),B22*$C$7*$T$3/100,IF($C$7>=$P$6,B22*$C$7*$T$6/100)))) -> 1800 | D22: 80 | E22: =IF(AND($C$7>=$P$5,$C$7<=$R$5),D22*$C$7*$T$5/100,IF(AND($C$7>=$P$4,$C$7<=$R$4),D22*$C$7*$T$4/100,IF(AND($C$7>=$P$3,$C$7<=$R$3),D22*$C$7*$T$3/100,IF($C$7>=$P$6,D22*$C$7*$T$6/100)))) -> 2400 | F22: 71 | G22: =IF(AND($C$7>=$P$5,$C$7<=$R$5),F22*$C$7*$T$5/100,IF(AND($C$7>=$P$4,$C$7<=$R$4),F22*$C$7*$T$4/100,IF(AND($C$7>=$P$3,$C$7<=$R$3),F22*$C$7*$T$3/100,IF($C$7>=$P$6,F22*$C$7*$T$6/100)))) -> 2130 | H22: =((B22*5)+D22)/6 -> 63.333333 | I22: =IF(AND($C$7>=$P$5,$C$7<=$R$5),H22*$C$7*$T$5/100,IF(AND($C$7>=$P$4,$C$7<=$R$4),H22*$C$7*$T$4/100,IF(AND($C$7>=$P$3,$C$7<=$R$3),H22*$C$7*$T$3/100,IF($C$7>=$P$6,H22*$C$7*$T$6/100)))) -> 1900 | J22: =((B22*5)+D22+F22)/7 -> 64.428571 | K22: =IF(AND($C$7>=$P$5,$C$7<=$R$5),J22*$C$7*$T$5/100,IF(AND($C$7>=$P$4,$C$7<=$R$4),J22*$C$7*$T$4/100,IF(AND($C$7>=$P$3,$C$7<=$R$3),J22*$C$7*$T$3/100,IF($C$7>=$P$6,J22*$C$7*$T$6/100)))) -> 1932.8571
A23: 10-11 | B23: 40 | C23: =IF(AND($C$7>=$P$5,$C$7<=$R$5),B23*$C$7*$T$5/100,IF(AND($C$7>=$P$4,$C$7<=$R$4),B23*$C$7*$T$4/100,IF(AND($C$7>=$P$3,$C$7<=$R$3),B23*$C$7*$T$3/100,IF($C$7>=$P$6,B23*$C$7*$T$6/100)))) -> 1200 | D23: 86 | E23: =IF(AND($C$7>=$P$5,$C$7<=$R$5),D23*$C$7*$T$5/100,IF(AND($C$7>=$P$4,$C$7<=$R$4),D23*$C$7*$T$4/100,IF(AND($C$7>=$P$3,$C$7<=$R$3),D23*$C$7*$T$3/100,IF($C$7>=$P$6,D23*$C$7*$T$6/100)))) -> 2580 | F23: 51 | G23: =IF(AND($C$7>=$P$5,$C$7<=$R$5),F23*$C$7*$T$5/100,IF(AND($C$7>=$P$4,$C$7<=$R$4),F23*$C$7*$T$4/100,IF(AND($C$7>=$P$3,$C$7<=$R$3),F23*$C$7*$T$3/100,IF($C$7>=$P$6,F23*$C$7*$T$6/100)))) -> 1530 | H23: =((B23*5)+D23)/6 -> 47.666667 | I23: =IF(AND($C$7>=$P$5,$C$7<=$R$5),H23*$C$7*$T$5/100,IF(AND($C$7>=$P$4,$C$7<=$R$4),H23*$C$7*$T$4/100,IF(AND($C$7>=$P$3,$C$7<=$R$3),H23*$C$7*$T$3/100,IF($C$7>=$P$6,H23*$C$7*$T$6/100)))) -> 1430 | J23: =((B23*5)+D23+F23)/7 -> 48.142857 | K23: =IF(AND($C$7>=$P$5,$C$7<=$R$5),J23*$C$7*$T$5/100,IF(AND($C$7>=$P$4,$C$7<=$R$4),J23*$C$7*$T$4/100,IF(AND($C$7>=$P$3,$C$7<=$R$3),J23*$C$7*$T$3/100,IF($C$7>=$P$6,J23*$C$7*$T$6/100)))) -> 1444.2857
A24: 11-12 | B24: 37 | C24: =IF(AND($C$7>=$P$5,$C$7<=$R$5),B24*$C$7*$T$5/100,IF(AND($C$7>=$P$4,$C$7<=$R$4),B24*$C$7*$T$4/100,IF(AND($C$7>=$P$3,$C$7<=$R$3),B24*$C$7*$T$3/100,IF($C$7>=$P$6,B24*$C$7*$T$6/100)))) -> 1110 | D24: 50 | E24: =IF(AND($C$7>=$P$5,$C$7<=$R$5),D24*$C$7*$T$5/100,IF(AND($C$7>=$P$4,$C$7<=$R$4),D24*$C$7*$T$4/100,IF(AND($C$7>=$P$3,$C$7<=$R$3),D24*$C$7*$T$3/100,IF($C$7>=$P$6,D24*$C$7*$T$6/100)))) -> 1500 | F24: 40 | G24: =IF(AND($C$7>=$P$5,$C$7<=$R$5),F24*$C$7*$T$5/100,IF(AND($C$7>=$P$4,$C$7<=$R$4),F24*$C$7*$T$4/100,IF(AND($C$7>=$P$3,$C$7<=$R$3),F24*$C$7*$T$3/100,IF($C$7>=$P$6,F24*$C$7*$T$6/100)))) -> 1200 | H24: =((B24*5)+D24)/6 -> 39.166667 | I24: =IF(AND($C$7>=$P$5,$C$7<=$R$5),H24*$C$7*$T$5/100,IF(AND($C$7>=$P$4,$C$7<=$R$4),H24*$C$7*$T$4/100,IF(AND($C$7>=$P$3,$C$7<=$R$3),H24*$C$7*$T$3/100,IF($C$7>=$P$6,H24*$C$7*$T$6/100)))) -> 1175 | J24: =((B24*5)+D24+F24)/7 -> 39.285714 | K24: =IF(AND($C$7>=$P$5,$C$7<=$R$5),J24*$C$7*$T$5/100,IF(AND($C$7>=$P$4,$C$7<=$R$4),J24*$C$7*$T$4/100,IF(AND($C$7>=$P$3,$C$7<=$R$3),J24*$C$7*$T$3/100,IF($C$7>=$P$6,J24*$C$7*$T$6/100)))) -> 1178.5714
... A36: 23-24 | B36: 3 | C36: =IF(AND($C$7>=$P$5,$C$7<=$R$5),B36*$C$7*$T$5/100,IF(AND($C$7>=$P$4,$C$7<=$R$4),B36*$C$7*$T$4/100,IF(AND($C$7>=$P$3,$C$7<=$R$3),B36*$C$7*$T$3/100,IF($C$7>=$P$6,B36*$C$7*$T$6/100)))) -> 90 | D36: 2 | E36: =IF(AND($C$7>=$P$5,$C$7<=$R$5),D36*$C$7*$T$5/100,IF(AND($C$7>=$P$4,$C$7<=$R$4),D36*$C$7*$T$4/100,IF(AND($C$7>=$P$3,$C$7<=$R$3),D36*$C$7*$T$3/100,IF($C$7>=$P$6,D36*$C$7*$T$6/100)))) -> 60 | F36: 2 | G36: =IF(AND($C$7>=$P$5,$C$7<=$R$5),F36*$C$7*$T$5/100,IF(AND($C$7>=$P$4,$C$7<=$R$4),F36*$C$7*$T$4/100,IF(AND($C$7>=$P$3,$C$7<=$R$3),F36*$C$7*$T$3/100,IF($C$7>=$P$6,F36*$C$7*$T$6/100)))) -> 60 | H36: =((B36*5)+D36)/6 -> 2.8333333 | I36: =IF(AND($C$7>=$P$5,$C$7<=$R$5),H36*$C$7*$T$5/100,IF(AND($C$7>=$P$4,$C$7<=$R$4),H36*$C$7*$T$4/100,IF(AND($C$7>=$P$3,$C$7<=$R$3),H36*$C$7*$T$3/100,IF($C$7>=$P$6,H36*$C$7*$T$6/100)))) -> 85 | J36: =((B36*5)+D36+F36)/7 -> 2.7142857 | K36: =IF(AND($C$7>=$P$5,$C$7<=$R$5),J36*$C$7*$T$5/100,IF(AND($C$7>=$P$4,$C$7<=$R$4),J36*$C$7*$T$4/100,IF(AND($C$7>=$P$3,$C$7<=$R$3),J36*$C$7*$T$3/100,IF($C$7>=$P$6,J36*$C$7*$T$6/100)))) -> 81.428571
A37: ø 06-18 | B37: =SUM(B19:B30)/12 -> 48 | C37: =IF(AND($C$7>=$P$5,$C$7<=$R$5),B37*$C$7*$T$5/100,IF(AND($C$7>=$P$4,$C$7<=$R$4),B37*$C$7*$T$4/100,IF(AND($C$7>=$P$3,$C$7<=$R$3),B37*$C$7*$T$3/100,IF($C$7>=$P$6,B37*$C$7*$T$6/100)))) -> 1440 | D37: =SUM(D19:D30)/12 -> 44 | E37: =IF(AND($C$7>=$P$5,$C$7<=$R$5),D37*$C$7*$T$5/100,IF(AND($C$7>=$P$4,$C$7<=$R$4),D37*$C$7*$T$4/100,IF(AND($C$7>=$P$3,$C$7<=$R$3),D37*$C$7*$T$3/100,IF($C$7>=$P$6,D37*$C$7*$T$6/100)))) -> 1320 | F37: =SUM(F19:F30)/12 -> 31 | G37: =IF(AND($C$7>=$P$5,$C$7<=$R$5),F37*$C$7*$T$5/100,IF(AND($C$7>=$P$4,$C$7<=$R$4),F37*$C$7*$T$4/100,IF(AND($C$7>=$P$3,$C$7<=$R$3),F37*$C$7*$T$3/100,IF($C$7>=$P$6,F37*$C$7*$T$6/100)))) -> 930 | H37: =SUM(H19:H30)/12 -> 47.333333 | I37: =((5*C37)+E37)/6 -> 1420 | J37: =SUM(J19:J30)/12 -> 45 | K37: =((5*C37)+E37+G37)/7 -> 1350
A38: ø 05-10 | B38: =SUM(B18:B22)/5 -> 59 | C38: =IF(AND($C$7>=$P$5,$C$7<=$R$5),B38*$C$7*$T$5/100,IF(AND($C$7>=$P$4,$C$7<=$R$4),B38*$C$7*$T$4/100,IF(AND($C$7>=$P$3,$C$7<=$R$3),B38*$C$7*$T$3/100,IF($C$7>=$P$6,B38*$C$7*$T$6/100)))) -> 1770 | D38: =SUM(D18:D22)/5 -> 41.2 | E38: =IF(AND($C$7>=$P$5,$C$7<=$R$5),D38*$C$7*$T$5/100,IF(AND($C$7>=$P$4,$C$7<=$R$4),D38*$C$7*$T$4/100,IF(AND($C$7>=$P$3,$C$7<=$R$3),D38*$C$7*$T$3/100,IF($C$7>=$P$6,D38*$C$7*$T$6/100)))) -> 1236 | F38: =SUM(F18:F22)/5 -> 27.8 | G38: =IF(AND($C$7>=$P$5,$C$7<=$R$5),F38*$C$7*$T$5/100,IF(AND($C$7>=$P$4,$C$7<=$R$4),F38*$C$7*$T$4/100,IF(AND($C$7>=$P$3,$C$7<=$R$3),F38*$C$7*$T$3/100,IF($C$7>=$P$6,F38*$C$7*$T$6/100)))) -> 834 | H38: =SUM(H18:H22)/5 -> 56.033333 | I38: =((5*C38)+E38)/6 -> 1681 | J38: =SUM(J18:J22)/5 -> 52 | K38: =((5*C38)+E38+G38)/7 -> 1560
A39: ø 05-22 | B39: =SUM(B18:B34)/17 -> 38.529412 | C39: =IF(AND($C$7>=$P$5,$C$7<=$R$5),B39*$C$7*$T$5/100,IF(AND($C$7>=$P$4,$C$7<=$R$4),B39*$C$7*$T$4/100,IF(AND($C$7>=$P$3,$C$7<=$R$3),B39*$C$7*$T$3/100,IF($C$7>=$P$6,B39*$C$7*$T$6/100)))) -> 1155.8824 | D39: =SUM(D18:D34)/17 -> 33.117647 | E39: =IF(AND($C$7>=$P$5,$C$7<=$R$5),D39*$C$7*$T$5/100,IF(AND($C$7>=$P$4,$C$7<=$R$4),D39*$C$7*$T$4/100,IF(AND($C$7>=$P$3,$C$7<=$R$3),D39*$C$7*$T$3/100,IF($C$7>=$P$6,D39*$C$7*$T$6/100)))) -> 993.52941 | F39: =SUM(F18:F34)/17 -> 23.529412 | G39: =IF(AND($C$7>=$P$5,$C$7<=$R$5),F39*$C$7*$T$5/100,IF(AND($C$7>=$P$4,$C$7<=$R$4),F39*$C$7*$T$4/100,IF(AND($C$7>=$P$3,$C$7<=$R$3),F39*$C$7*$T$3/100,IF($C$7>=$P$6,F39*$C$7*$T$6/100)))) -> 705.88235 | H39: =SUM(H18:H34)/17 -> 37.627451 | I39: =((5*C39)+E39)/6 -> 1128.8235 | J39: =SUM(J18:J34)/17 -> 35.613445 | K39: =((5*C39)+E39+G39)/7 -> 1068.4034
A40: ø 05-24 | B40: =SUM(B18:B36)/19 -> 34.789474 | C40: =IF(AND($C$7>=$P$5,$C$7<=$R$5),B40*$C$7*$T$5/100,IF(AND($C$7>=$P$4,$C$7<=$R$4),B40*$C$7*$T$4/100,IF(AND($C$7>=$P$3,$C$7<=$R$3),B40*$C$7*$T$3/100,IF($C$7>=$P$6,B40*$C$7*$T$6/100)))) -> 1043.6842 | D40: =SUM(D18:D36)/19 -> 29.842105 | E40: =IF(AND($C$7>=$P$5,$C$7<=$R$5),D40*$C$7*$T$5/100,IF(AND($C$7>=$P$4,$C$7<=$R$4),D40*$C$7*$T$4/100,IF(AND($C$7>=$P$3,$C$7<=$R$3),D40*$C$7*$T$3/100,IF($C$7>=$P$6,D40*$C$7*$T$6/100)))) -> 895.26316 | F40: =SUM(F18:F36)/19 -> 21.263158 | G40: =IF(AND($C$7>=$P$5,$C$7<=$R$5),F40*$C$7*$T$5/100,IF(AND($C$7>=$P$4,$C$7<=$R$4),F40*$C$7*$T$4/100,IF(AND($C$7>=$P$3,$C$7<=$R$3),F40*$C$7*$T$3/100,IF($C$7>=$P$6,F40*$C$7*$T$6/100)))) -> 637.89474 | H40: =SUM(H18:H36)/19 -> 33.964912 | I40: =((5*C40)+E40)/6 -> 1018.9474 | J40: =SUM(J18:J36)/19 -> 32.150376 | K40: =((5*C40)+E40+G40)/7 -> 964.51128
A41: ø 06-09 | B41: =SUM(B19:B21)/3 -> 72.333333 | C41: =IF(AND($C$7>=$P$5,$C$7<=$R$5),B41*$C$7*$T$5/100,IF(AND($C$7>=$P$4,$C$7<=$R$4),B41*$C$7*$T$4/100,IF(AND($C$7>=$P$3,$C$7<=$R$3),B41*$C$7*$T$3/100,IF($C$7>=$P$6,B41*$C$7*$T$6/100)))) -> 2170 | D41: =SUM(D19:D21)/3 -> 40.666667 | E41: =IF(AND($C$7>=$P$5,$C$7<=$R$5),D41*$C$7*$T$5/100,IF(AND($C$7>=$P$4,$C$7<=$R$4),D41*$C$7*$T$4/100,IF(AND($C$7>=$P$3,$C$7<=$R$3),D41*$C$7*$T$3/100,IF($C$7>=$P$6,D41*$C$7*$T$6/100)))) -> 1220 | F41: =SUM(F19:F21)/3 -> 21 | G41: =IF(AND($C$7>=$P$5,$C$7<=$R$5),F41*$C$7*$T$5/100,IF(AND($C$7>=$P$4,$C$7<=$R$4),F41*$C$7*$T$4/100,IF(AND($C$7>=$P$3,$C$7<=$R$3),F41*$C$7*$T$3/100,IF($C$7>=$P$6,F41*$C$7*$T$6/100)))) -> 630 | H41: =SUM(H19:H21)/3 -> 67.055556 | I41: =((5*C41)+E41)/6 -> 2011.6667 | J41: =SUM(J19:J21)/3 -> 60.47619 | K41: =((5*C41)+E41+G41)/7 -> 1814.2857
A42: ø 06-10 | B42: =SUM(B19:B22)/4 -> 69.25 | C42: =IF(AND($C$7>=$P$5,$C$7<=$R$5),B42*$C$7*$T$5/100,IF(AND($C$7>=$P$4,$C$7<=$R$4),B42*$C$7*$T$4/100,IF(AND($C$7>=$P$3,$C$7<=$R$3),B42*$C$7*$T$3/100,IF($C$7>=$P$6,B42*$C$7*$T$6/100)))) -> 2077.5 | D42: =SUM(D19:D22)/4 -> 50.5 | E42: =IF(AND($C$7>=$P$5,$C$7<=$R$5),D42*$C$7*$T$5/100,IF(AND($C$7>=$P$4,$C$7<=$R$4),D42*$C$7*$T$4/100,IF(AND($C$7>=$P$3,$C$7<=$R$3),D42*$C$7*$T$3/100,IF($C$7>=$P$6,D42*$C$7*$T$6/100)))) -> 1515 | F42: =SUM(F19:F22)/4 -> 33.5 | G42: =IF(AND($C$7>=$P$5,$C$7<=$R$5),F42*$C$7*$T$5/100,IF(AND($C$7>=$P$4,$C$7<=$R$4),F42*$C$7*$T$4/100,IF(AND($C$7>=$P$3,$C$7<=$R$3),F42*$C$7*$T$3/100,IF($C$7>=$P$6,F42*$C$7*$T$6/100)))) -> 1005 | H42: =SUM(H19:H22)/4 -> 66.125 | I42: =((5*C42)+E42)/6 -> 1983.75 | J42: =SUM(J19:J22)/4 -> 61.464286 | K42: =((5*C42)+E42+G42)/7 -> 1843.9286
A43: ø 06-14 | B43: =SUM(B19:B26)/8 -> 53.25 | C43: =IF(AND($C$7>=$P$5,$C$7<=$R$5),B43*$C$7*$T$5/100,IF(AND($C$7>=$P$4,$C$7<=$R$4),B43*$C$7*$T$4/100,IF(AND($C$7>=$P$3,$C$7<=$R$3),B43*$C$7*$T$3/100,IF($C$7>=$P$6,B43*$C$7*$T$6/100)))) -> 1597.5 | D43: =SUM(D19:D26)/8 -> 52.25 | E43: =IF(AND($C$7>=$P$5,$C$7<=$R$5),D43*$C$7*$T$5/100,IF(AND($C$7>=$P$4,$C$7<=$R$4),D43*$C$7*$T$4/100,IF(AND($C$7>=$P$3,$C$7<=$R$3),D43*$C$7*$T$3/100,IF($C$7>=$P$6,D43*$C$7*$T$6/100)))) -> 1567.5 | F43: =SUM(F19:F26)/8 -> 35.25 | G43: =IF(AND($C$7>=$P$5,$C$7<=$R$5),F43*$C$7*$T$5/100,IF(AND($C$7>=$P$4,$C$7<=$R$4),F43*$C$7*$T$4/100,IF(AND($C$7>=$P$3,$C$7<=$R$3),F43*$C$7*$T$3/100,IF($C$7>=$P$6,F43*$C$7*$T$6/100)))) -> 1057.5 | H43: =SUM(H19:H26)/8 -> 53.083333 | I43: =((5*C43)+E43)/6 -> 1592.5 | J43: =SUM(J19:J26)/8 -> 50.535714 | K43: =((5*C43)+E43+G43)/7 -> 1516.0714
A44: ø 06-19 | B44: =SUM(B19:B31)/13 -> 46.769231 | C44: =IF(AND($C$7>=$P$5,$C$7<=$R$5),B44*$C$7*$T$5/100,IF(AND($C$7>=$P$4,$C$7<=$R$4),B44*$C$7*$T$4/100,IF(AND($C$7>=$P$3,$C$7<=$R$3),B44*$C$7*$T$3/100,IF($C$7>=$P$6,B44*$C$7*$T$6/100)))) -> 1403.0769 | D44: =SUM(D19:D31)/13 -> 41.692308 | E44: =IF(AND($C$7>=$P$5,$C$7<=$R$5),D44*$C$7*$T$5/100,IF(AND($C$7>=$P$4,$C$7<=$R$4),D44*$C$7*$T$4/100,IF(AND($C$7>=$P$3,$C$7<=$R$3),D44*$C$7*$T$3/100,IF($C$7>=$P$6,D44*$C$7*$T$6/100)))) -> 1250.7692 | F44: =SUM(F19:F31)/13 -> 29.461538 | G44: =IF(AND($C$7>=$P$5,$C$7<=$R$5),F44*$C$7*$T$5/100,IF(AND($C$7>=$P$4,$C$7<=$R$4),F44*$C$7*$T$4/100,IF(AND($C$7>=$P$3,$C$7<=$R$3),F44*$C$7*$T$3/100,IF($C$7>=$P$6,F44*$C$7*$T$6/100)))) -> 883.84615 | H44: =SUM(H19:H31)/13 -> 45.923077 | I44: =((5*C44)+E44)/6 -> 1377.6923 | J44: =SUM(J19:J31)/13 -> 43.571429 | K44: =((5*C44)+E44+G44)/7 -> 1307.1429
A45: ø 06-20 | B45: =SUM(B19:B32)/14 -> 44.5 | C45: =IF(AND($C$7>=$P$5,$C$7<=$R$5),B45*$C$7*$T$5/100,IF(AND($C$7>=$P$4,$C$7<=$R$4),B45*$C$7*$T$4/100,IF(AND($C$7>=$P$3,$C$7<=$R$3),B45*$C$7*$T$3/100,IF($C$7>=$P$6,B45*$C$7*$T$6/100)))) -> 1335 | D45: =SUM(D19:D32)/14 -> 39.428571 | E45: =IF(AND($C$7>=$P$5,$C$7<=$R$5),D45*$C$7*$T$5/100,IF(AND($C$7>=$P$4,$C$7<=$R$4),D45*$C$7*$T$4/100,IF(AND($C$7>=$P$3,$C$7<=$R$3),D45*$C$7*$T$3/100,IF($C$7>=$P$6,D45*$C$7*$T$6/100)))) -> 1182.8571 | F45: =SUM(F19:F32)/14 -> 27.785714 | G45: =IF(AND($C$7>=$P$5,$C$7<=$R$5),F45*$C$7*$T$5/100,IF(AND($C$7>=$P$4,$C$7<=$R$4),F45*$C$7*$T$4/100,IF(AND($C$7>=$P$3,$C$7<=$R$3),F45*$C$7*$T$3/100,IF($C$7>=$P$6,F45*$C$7*$T$6/100)))) -> 833.57143 | H45: =SUM(H19:H32)/14 -> 43.654762 | I45: =((5*C45)+E45)/6 -> 1309.6429 | J45: =SUM(J19:J32)/14 -> 41.387755 | K45: =((5*C45)+E45+G45)/7 -> 1241.6327
A46: ø 06-22 | B46: =SUM(B19:B34)/16 -> 39.8125 | C46: =IF(AND($C$7>=$P$5,$C$7<=$R$5),B46*$C$7*$T$5/100,IF(AND($C$7>=$P$4,$C$7<=$R$4),B46*$C$7*$T$4/100,IF(AND($C$7>=$P$3,$C$7<=$R$3),B46*$C$7*$T$3/100,IF($C$7>=$P$6,B46*$C$7*$T$6/100)))) -> 1194.375 | D46: =SUM(D19:D34)/16 -> 34.9375 | E46: =IF(AND($C$7>=$P$5,$C$7<=$R$5),D46*$C$7*$T$5/100,IF(AND($C$7>=$P$4,$C$7<=$R$4),D46*$C$7*$T$4/100,IF(AND($C$7>=$P$3,$C$7<=$R$3),D46*$C$7*$T$3/100,IF($C$7>=$P$6,D46*$C$7*$T$6/100)))) -> 1048.125 | F46: =SUM(F19:F34)/16 -> 24.6875 | G46: =IF(AND($C$7>=$P$5,$C$7<=$R$5),F46*$C$7*$T$5/100,IF(AND($C$7>=$P$4,$C$7<=$R$4),F46*$C$7*$T$4/100,IF(AND($C$7>=$P$3,$C$7<=$R$3),F46*$C$7*$T$3/100,IF($C$7>=$P$6,F46*$C$7*$T$6/100)))) -> 740.625 | H46: =SUM(H19:H34)/16 -> 39 | I46: =((5*C46)+E46)/6 -> 1170 | J46: =SUM(J19:J34)/16 -> 36.955357 | K46: =((5*C46)+E46+G46)/7 -> 1108.6607
A47: ø 06-24 | B47: =SUM(B19:B36)/18 -> 35.722222 | C47: =IF(AND($C$7>=$P$5,$C$7<=$R$5),B47*$C$7*$T$5/100,IF(AND($C$7>=$P$4,$C$7<=$R$4),B47*$C$7*$T$4/100,IF(AND($C$7>=$P$3,$C$7<=$R$3),B47*$C$7*$T$3/100,IF($C$7>=$P$6,B47*$C$7*$T$6/100)))) -> 1071.6667 | D47: =SUM(D19:D36)/18 -> 31.277778 | E47: =IF(AND($C$7>=$P$5,$C$7<=$R$5),D47*$C$7*$T$5/100,IF(AND($C$7>=$P$4,$C$7<=$R$4),D47*$C$7*$T$4/100,IF(AND($C$7>=$P$3,$C$7<=$R$3),D47*$C$7*$T$3/100,IF($C$7>=$P$6,D47*$C$7*$T$6/100)))) -> 938.33333 | F47: =SUM(F19:F36)/18 -> 22.166667 | G47: =IF(AND($C$7>=$P$5,$C$7<=$R$5),F47*$C$7*$T$5/100,IF(AND($C$7>=$P$4,$C$7<=$R$4),F47*$C$7*$T$4/100,IF(AND($C$7>=$P$3,$C$7<=$R$3),F47*$C$7*$T$3/100,IF($C$7>=$P$6,F47*$C$7*$T$6/100)))) -> 665 | H47: =SUM(H19:H36)/18 -> 34.981481 | I47: =((5*C47)+E47)/6 -> 1049.4444 | J47: =SUM(J19:J36)/18 -> 33.150794 | K47: =((5*C47)+E47+G47)/7 -> 994.52381
A48: ø 07-24 | B48: =SUM(B20:B36)/17 -> 34.294118 | C48: =IF(AND($C$7>=$P$5,$C$7<=$R$5),B48*$C$7*$T$5/100,IF(AND($C$7>=$P$4,$C$7<=$R$4),B48*$C$7*$T$4/100,IF(AND($C$7>=$P$3,$C$7<=$R$3),B48*$C$7*$T$3/100,IF($C$7>=$P$6,B48*$C$7*$T$6/100)))) -> 1028.8235 | D48: =SUM(D20:D36)/17 -> 32.235294 | E48: =IF(AND($C$7>=$P$5,$C$7<=$R$5),D48*$C$7*$T$5/100,IF(AND($C$7>=$P$4,$C$7<=$R$4),D48*$C$7*$T$4/100,IF(AND($C$7>=$P$3,$C$7<=$R$3),D48*$C$7*$T$3/100,IF($C$7>=$P$6,D48*$C$7*$T$6/100)))) -> 967.05882 | F48: =SUM(F20:F36)/17 -> 23.058824 | G48: =IF(AND($C$7>=$P$5,$C$7<=$R$5),F48*$C$7*$T$5/100,IF(AND($C$7>=$P$4,$C$7<=$R$4),F48*$C$7*$T$4/100,IF(AND($C$7>=$P$3,$C$7<=$R$3),F48*$C$7*$T$3/100,IF($C$7>=$P$6,F48*$C$7*$T$6/100)))) -> 691.76471 | H48: =SUM(H20:H36)/17 -> 33.95098 | I48: =((5*C48)+E48)/6 -> 1018.5294 | J48: =SUM(J20:J36)/17 -> 32.394958 | K48: =((5*C48)+E48+G48)/7 -> 971.84874
A49: ø 08-13 | B49: =SUM(B21:B25)/5 -> 49.2 | C49: =IF(AND($C$7>=$P$5,$C$7<=$R$5),B49*$C$7*$T$5/100,IF(AND($C$7>=$P$4,$C$7<=$R$4),B49*$C$7*$T$4/100,IF(AND($C$7>=$P$3,$C$7<=$R$3),B49*$C$7*$T$3/100,IF($C$7>=$P$6,B49*$C$7*$T$6/100)))) -> 1476 | D49: =SUM(D21:D25)/5 -> 64.6 | E49: =IF(AND($C$7>=$P$5,$C$7<=$R$5),D49*$C$7*$T$5/100,IF(AND($C$7>=$P$4,$C$7<=$R$4),D49*$C$7*$T$4/100,IF(AND($C$7>=$P$3,$C$7<=$R$3),D49*$C$7*$T$3/100,IF($C$7>=$P$6,D49*$C$7*$T$6/100)))) -> 1938 | F49: =SUM(F21:F25)/5 -> 47 | G49: =IF(AND($C$7>=$P$5,$C$7<=$R$5),F49*$C$7*$T$5/100,IF(AND($C$7>=$P$4,$C$7<=$R$4),F49*$C$7*$T$4/100,IF(AND($C$7>=$P$3,$C$7<=$R$3),F49*$C$7*$T$3/100,IF($C$7>=$P$6,F49*$C$7*$T$6/100)))) -> 1410 | H49: =SUM(H21:H25)/5 -> 51.766667 | I49: =((5*C49)+E49)/6 -> 1553 | J49: =SUM(J21:J25)/5 -> 51.085714 | K49: =((5*C49)+E49+G49)/7 -> 1532.5714
A50: ø 08-18 | B50: =SUM(B21:B30)/10 -> 43.1 | C50: =IF(AND($C$7>=$P$5,$C$7<=$R$5),B50*$C$7*$T$5/100,IF(AND($C$7>=$P$4,$C$7<=$R$4),B50*$C$7*$T$4/100,IF(AND($C$7>=$P$3,$C$7<=$R$3),B50*$C$7*$T$3/100,IF($C$7>=$P$6,B50*$C$7*$T$6/100)))) -> 1293 | D50: =SUM(D21:D30)/10 -> 46.7 | E50: =IF(AND($C$7>=$P$5,$C$7<=$R$5),D50*$C$7*$T$5/100,IF(AND($C$7>=$P$4,$C$7<=$R$4),D50*$C$7*$T$4/100,IF(AND($C$7>=$P$3,$C$7<=$R$3),D50*$C$7*$T$3/100,IF($C$7>=$P$6,D50*$C$7*$T$6/100)))) -> 1401 | F50: =SUM(F21:F30)/10 -> 35.1 | G50: =IF(AND($C$7>=$P$5,$C$7<=$R$5),F50*$C$7*$T$5/100,IF(AND($C$7>=$P$4,$C$7<=$R$4),F50*$C$7*$T$4/100,IF(AND($C$7>=$P$3,$C$7<=$R$3),F50*$C$7*$T$3/100,IF($C$7>=$P$6,F50*$C$7*$T$6/100)))) -> 1053 | H50: =SUM(H21:H30)/10 -> 43.7 | I50: =((5*C50)+E50)/6 -> 1311 | J50: =SUM(J21:J30)/10 -> 42.471429 | K50: =((5*C50)+E50+G50)/7 -> 1274.1429
A51: ø 08-19 | B51: =SUM(B21:B31)/11 -> 42.090909 | C51: =IF(AND($C$7>=$P$5,$C$7<=$R$5),B51*$C$7*$T$5/100,IF(AND($C$7>=$P$4,$C$7<=$R$4),B51*$C$7*$T$4/100,IF(AND($C$7>=$P$3,$C$7<=$R$3),B51*$C$7*$T$3/100,IF($C$7>=$P$6,B51*$C$7*$T$6/100)))) -> 1262.7273 | D51: =SUM(D21:D31)/11 -> 43.727273 | E51: =IF(AND($C$7>=$P$5,$C$7<=$R$5),D51*$C$7*$T$5/100,IF(AND($C$7>=$P$4,$C$7<=$R$4),D51*$C$7*$T$4/100,IF(AND($C$7>=$P$3,$C$7<=$R$3),D51*$C$7*$T$3/100,IF($C$7>=$P$6,D51*$C$7*$T$6/100)))) -> 1311.8182 | F51: =SUM(F21:F31)/11 -> 32.909091 | G51: =IF(AND($C$7>=$P$5,$C$7<=$R$5),F51*$C$7*$T$5/100,IF(AND($C$7>=$P$4,$C$7<=$R$4),F51*$C$7*$T$4/100,IF(AND($C$7>=$P$3,$C$7<=$R$3),F51*$C$7*$T$3/100,IF($C$7>=$P$6,F51*$C$7*$T$6/100)))) -> 987.27273 | H51: =SUM(H21:H31)/11 -> 42.363636 | I51: =((5*C51)+E51)/6 -> 1270.9091 | J51: =SUM(J21:J31)/11 -> 41.012987 | K51: =((5*C51)+E51+G51)/7 -> 1230.3896
A52: ø 08-20 | B52: =SUM(B21:B32)/12 -> 39.833333 | C52: =IF(AND($C$7>=$P$5,$C$7<=$R$5),B52*$C$7*$T$5/100,IF(AND($C$7>=$P$4,$C$7<=$R$4),B52*$C$7*$T$4/100,IF(AND($C$7>=$P$3,$C$7<=$R$3),B52*$C$7*$T$3/100,IF($C$7>=$P$6,B52*$C$7*$T$6/100)))) -> 1195 | D52: =SUM(D21:D32)/12 -> 40.916667 | E52: =IF(AND($C$7>=$P$5,$C$7<=$R$5),D52*$C$7*$T$5/100,IF(AND($C$7>=$P$4,$C$7<=$R$4),D52*$C$7*$T$4/100,IF(AND($C$7>=$P$3,$C$7<=$R$3),D52*$C$7*$T$3/100,IF($C$7>=$P$6,D52*$C$7*$T$6/100)))) -> 1227.5 | F52: =SUM(F21:F32)/12 -> 30.666667 | G52: =IF(AND($C$7>=$P$5,$C$7<=$R$5),F52*$C$7*$T$5/100,IF(AND($C$7>=$P$4,$C$7<=$R$4),F52*$C$7*$T$4/100,IF(AND($C$7>=$P$3,$C$7<=$R$3),F52*$C$7*$T$3/100,IF($C$7>=$P$6,F52*$C$7*$T$6/100)))) -> 920 | H52: =SUM(H21:H32)/12 -> 40.013889 | I52: =((5*C52)+E52)/6 -> 1200.4167 | J52: =SUM(J21:J32)/12 -> 38.678571 | K52: =((5*C52)+E52+G52)/7 -> 1160.3571
A53: ø 08-22 | B53: =SUM(B21:B34)/14 -> 35.142857 | C53: =IF(AND($C$7>=$P$5,$C$7<=$R$5),B53*$C$7*$T$5/100,IF(AND($C$7>=$P$4,$C$7<=$R$4),B53*$C$7*$T$4/100,IF(AND($C$7>=$P$3,$C$7<=$R$3),B53*$C$7*$T$3/100,IF($C$7>=$P$6,B53*$C$7*$T$6/100)))) -> 1054.2857 | D53: =SUM(D21:D34)/14 -> 35.571429 | E53: =IF(AND($C$7>=$P$5,$C$7<=$R$5),D53*$C$7*$T$5/100,IF(AND($C$7>=$P$4,$C$7<=$R$4),D53*$C$7*$T$4/100,IF(AND($C$7>=$P$3,$C$7<=$R$3),D53*$C$7*$T$3/100,IF($C$7>=$P$6,D53*$C$7*$T$6/100)))) -> 1067.1429 | F53: =SUM(F21:F34)/14 -> 26.714286 | G53: =IF(AND($C$7>=$P$5,$C$7<=$R$5),F53*$C$7*$T$5/100,IF(AND($C$7>=$P$4,$C$7<=$R$4),F53*$C$7*$T$4/100,IF(AND($C$7>=$P$3,$C$7<=$R$3),F53*$C$7*$T$3/100,IF($C$7>=$P$6,F53*$C$7*$T$6/100)))) -> 801.42857 | H53: =SUM(H21:H34)/14 -> 35.214286 | I53: =((5*C53)+E53)/6 -> 1056.4286 | J53: =SUM(J21:J34)/14 -> 34 | K53: =((5*C53)+E53+G53)/7 -> 1020
A54: ø 08-24 | B54: =SUM(B21:B36)/16 -> 31.125 | C54: =IF(AND($C$7>=$P$5,$C$7<=$R$5),B54*$C$7*$T$5/100,IF(AND($C$7>=$P$4,$C$7<=$R$4),B54*$C$7*$T$4/100,IF(AND($C$7>=$P$3,$C$7<=$R$3),B54*$C$7*$T$3/100,IF($C$7>=$P$6,B54*$C$7*$T$6/100)))) -> 933.75 | D54: =SUM(D21:D36)/16 -> 31.375 | E54: =IF(AND($C$7>=$P$5,$C$7<=$R$5),D54*$C$7*$T$5/100,IF(AND($C$7>=$P$4,$C$7<=$R$4),D54*$C$7*$T$4/100,IF(AND($C$7>=$P$3,$C$7<=$R$3),D54*$C$7*$T$3/100,IF($C$7>=$P$6,D54*$C$7*$T$6/100)))) -> 941.25 | F54: =SUM(F21:F36)/16 -> 23.625 | G54: =IF(AND($C$7>=$P$5,$C$7<=$R$5),F54*$C$7*$T$5/100,IF(AND($C$7>=$P$4,$C$7<=$R$4),F54*$C$7*$T$4/100,IF(AND($C$7>=$P$3,$C$7<=$R$3),F54*$C$7*$T$3/100,IF($C$7>=$P$6,F54*$C$7*$T$6/100)))) -> 708.75 | H54: =SUM(H21:H36)/16 -> 31.166667 | I54: =((5*C54)+E54)/6 -> 935 | J54: =SUM(J21:J36)/16 -> 30.089286 | K54: =((5*C54)+E54+G54)/7 -> 902.67857
A55: ø 09-24 | B55: =SUM(B22:B36)/15 -> 28.4 | C55: =IF(AND($C$7>=$P$5,$C$7<=$R$5),B55*$C$7*$T$5/100,IF(AND($C$7>=$P$4,$C$7<=$R$4),B55*$C$7*$T$4/100,IF(AND($C$7>=$P$3,$C$7<=$R$3),B55*$C$7*$T$3/100,IF($C$7>=$P$6,B55*$C$7*$T$6/100)))) -> 852 | D55: =SUM(D22:D36)/15 -> 29.4 | E55: =IF(AND($C$7>=$P$5,$C$7<=$R$5),D55*$C$7*$T$5/100,IF(AND($C$7>=$P$4,$C$7<=$R$4),D55*$C$7*$T$4/100,IF(AND($C$7>=$P$3,$C$7<=$R$3),D55*$C$7*$T$3/100,IF($C$7>=$P$6,D55*$C$7*$T$6/100)))) -> 882 | F55: =SUM(F22:F36)/15 -> 22.4 | G55: =IF(AND($C$7>=$P$5,$C$7<=$R$5),F55*$C$7*$T$5/100,IF(AND($C$7>=$P$4,$C$7<=$R$4),F55*$C$7*$T$4/100,IF(AND($C$7>=$P$3,$C$7<=$R$3),F55*$C$7*$T$3/100,IF($C$7>=$P$6,F55*$C$7*$T$6/100)))) -> 672 | H55: =SUM(H22:H36)/15 -> 28.566667 | I55: =((5*C55)+E55)/6 -> 857 | J55: =SUM(J22:J36)/15 -> 27.685714 | K55: =((5*C55)+E55+G55)/7 -> 830.57143
A56: ø 10-15 | B56: =SUM(B23:B27)/5 -> 36.8 | C56: =IF(AND($C$7>=$P$5,$C$7<=$R$5),B56*$C$7*$T$5/100,IF(AND($C$7>=$P$4,$C$7<=$R$4),B56*$C$7*$T$4/100,IF(AND($C$7>=$P$3,$C$7<=$R$3),B56*$C$7*$T$3/100,IF($C$7>=$P$6,B56*$C$7*$T$6/100)))) -> 1104 | D56: =SUM(D23:D27)/5 -> 49.6 | E56: =IF(AND($C$7>=$P$5,$C$7<=$R$5),D56*$C$7*$T$5/100,IF(AND($C$7>=$P$4,$C$7<=$R$4),D56*$C$7*$T$4/100,IF(AND($C$7>=$P$3,$C$7<=$R$3),D56*$C$7*$T$3/100,IF($C$7>=$P$6,D56*$C$7*$T$6/100)))) -> 1488 | F56: =SUM(F23:F27)/5 -> 34.6 | G56: =IF(AND($C$7>=$P$5,$C$7<=$R$5),F56*$C$7*$T$5/100,IF(AND($C$7>=$P$4,$C$7<=$R$4),F56*$C$7*$T$4/100,IF(AND($C$7>=$P$3,$C$7<=$R$3),F56*$C$7*$T$3/100,IF($C$7>=$P$6,F56*$C$7*$T$6/100)))) -> 1038 | H56: =SUM(H23:H27)/5 -> 38.933333 | I56: =((5*C56)+E56)/6 -> 1168 | J56: =SUM(J23:J27)/5 -> 38.314286 | K56: =((5*C56)+E56+G56)/7 -> 1149.4286
A57: ø 10-16 | B57: =SUM(B23:B28)/6 -> 36.5 | C57: =IF(AND($C$7>=$P$5,$C$7<=$R$5),B57*$C$7*$T$5/100,IF(AND($C$7>=$P$4,$C$7<=$R$4),B57*$C$7*$T$4/100,IF(AND($C$7>=$P$3,$C$7<=$R$3),B57*$C$7*$T$3/100,IF($C$7>=$P$6,B57*$C$7*$T$6/100)))) -> 1095 | D57: =SUM(D23:D28)/6 -> 46.166667 | E57: =IF(AND($C$7>=$P$5,$C$7<=$R$5),D57*$C$7*$T$5/100,IF(AND($C$7>=$P$4,$C$7<=$R$4),D57*$C$7*$T$4/100,IF(AND($C$7>=$P$3,$C$7<=$R$3),D57*$C$7*$T$3/100,IF($C$7>=$P$6,D57*$C$7*$T$6/100)))) -> 1385 | F57: =SUM(F23:F28)/6 -> 32.5 | G57: =IF(AND($C$7>=$P$5,$C$7<=$R$5),F57*$C$7*$T$5/100,IF(AND($C$7>=$P$4,$C$7<=$R$4),F57*$C$7*$T$4/100,IF(AND($C$7>=$P$3,$C$7<=$R$3),F57*$C$7*$T$3/100,IF($C$7>=$P$6,F57*$C$7*$T$6/100)))) -> 975 | H57: =SUM(H23:H28)/6 -> 38.111111 | I57: =((5*C57)+E57)/6 -> 1143.3333 | J57: =SUM(J23:J28)/6 -> 37.309524 | K57: =((5*C57)+E57+G57)/7 -> 1119.2857
A58: ø 10-18 | B58: =SUM(B23:B30)/8 -> 37.375 | C58: =IF(AND($C$7>=$P$5,$C$7<=$R$5),B58*$C$7*$T$5/100,IF(AND($C$7>=$P$4,$C$7<=$R$4),B58*$C$7*$T$4/100,IF(AND($C$7>=$P$3,$C$7<=$R$3),B58*$C$7*$T$3/100,IF($C$7>=$P$6,B58*$C$7*$T$6/100)))) -> 1121.25 | D58: =SUM(D23:D30)/8 -> 40.75 | E58: =IF(AND($C$7>=$P$5,$C$7<=$R$5),D58*$C$7*$T$5/100,IF(AND($C$7>=$P$4,$C$7<=$R$4),D58*$C$7*$T$4/100,IF(AND($C$7>=$P$3,$C$7<=$R$3),D58*$C$7*$T$3/100,IF($C$7>=$P$6,D58*$C$7*$T$6/100)))) -> 1222.5 | F58: =SUM(F23:F30)/8 -> 29.75 | G58: =IF(AND($C$7>=$P$5,$C$7<=$R$5),F58*$C$7*$T$5/100,IF(AND($C$7>=$P$4,$C$7<=$R$4),F58*$C$7*$T$4/100,IF(AND($C$7>=$P$3,$C$7<=$R$3),F58*$C$7*$T$3/100,IF($C$7>=$P$6,F58*$C$7*$T$6/100)))) -> 892.5 | H58: =SUM(H23:H30)/8 -> 37.9375 | I58: =((5*C58)+E58)/6 -> 1138.125 | J58: =SUM(J23:J30)/8 -> 36.767857 | K58: =((5*C58)+E58+G58)/7 -> 1103.0357
A59: ø 10-19 | B59: =SUM(B23:B31)/9 -> 36.777778 | C59: =IF(AND($C$7>=$P$5,$C$7<=$R$5),B59*$C$7*$T$5/100,IF(AND($C$7>=$P$4,$C$7<=$R$4),B59*$C$7*$T$4/100,IF(AND($C$7>=$P$3,$C$7<=$R$3),B59*$C$7*$T$3/100,IF($C$7>=$P$6,B59*$C$7*$T$6/100)))) -> 1103.3333 | D59: =SUM(D23:D31)/9 -> 37.777778 | E59: =IF(AND($C$7>=$P$5,$C$7<=$R$5),D59*$C$7*$T$5/100,IF(AND($C$7>=$P$4,$C$7<=$R$4),D59*$C$7*$T$4/100,IF(AND($C$7>=$P$3,$C$7<=$R$3),D59*$C$7*$T$3/100,IF($C$7>=$P$6,D59*$C$7*$T$6/100)))) -> 1133.3333 | F59: =SUM(F23:F31)/9 -> 27.666667 | G59: =IF(AND($C$7>=$P$5,$C$7<=$R$5),F59*$C$7*$T$5/100,IF(AND($C$7>=$P$4,$C$7<=$R$4),F59*$C$7*$T$4/100,IF(AND($C$7>=$P$3,$C$7<=$R$3),F59*$C$7*$T$3/100,IF($C$7>=$P$6,F59*$C$7*$T$6/100)))) -> 830 | H59: =SUM(H23:H31)/9 -> 36.944444 | I59: =((5*C59)+E59)/6 -> 1108.3333 | J59: =SUM(J23:J31)/9 -> 35.619048 | K59: =((5*C59)+E59+G59)/7 -> 1068.5714
A60: ø 10-20 | B60: =SUM(B23:B32)/10 -> 34.6 | C60: =IF(AND($C$7>=$P$5,$C$7<=$R$5),B60*$C$7*$T$5/100,IF(AND($C$7>=$P$4,$C$7<=$R$4),B60*$C$7*$T$4/100,IF(AND($C$7>=$P$3,$C$7<=$R$3),B60*$C$7*$T$3/100,IF($C$7>=$P$6,B60*$C$7*$T$6/100)))) -> 1038 | D60: =SUM(D23:D32)/10 -> 35 | E60: =IF(AND($C$7>=$P$5,$C$7<=$R$5),D60*$C$7*$T$5/100,IF(AND($C$7>=$P$4,$C$7<=$R$4),D60*$C$7*$T$4/100,IF(AND($C$7>=$P$3,$C$7<=$R$3),D60*$C$7*$T$3/100,IF($C$7>=$P$6,D60*$C$7*$T$6/100)))) -> 1050 | F60: =SUM(F23:F32)/10 -> 25.5 | G60: =IF(AND($C$7>=$P$5,$C$7<=$R$5),F60*$C$7*$T$5/100,IF(AND($C$7>=$P$4,$C$7<=$R$4),F60*$C$7*$T$4/100,IF(AND($C$7>=$P$3,$C$7<=$R$3),F60*$C$7*$T$3/100,IF($C$7>=$P$6,F60*$C$7*$T$6/100)))) -> 765 | H60: =SUM(H23:H32)/10 -> 34.666667 | I60: =((5*C60)+E60)/6 -> 1040 | J60: =SUM(J23:J32)/10 -> 33.357143 | K60: =((5*C60)+E60+G60)/7 -> 1000.7143
A61: ø 10-22 | B61: =SUM(B23:B34)/12 -> 30 | C61: =IF(AND($C$7>=$P$5,$C$7<=$R$5),B61*$C$7*$T$5/100,IF(AND($C$7>=$P$4,$C$7<=$R$4),B61*$C$7*$T$4/100,IF(AND($C$7>=$P$3,$C$7<=$R$3),B61*$C$7*$T$3/100,IF($C$7>=$P$6,B61*$C$7*$T$6/100)))) -> 900 | D61: =SUM(D23:D34)/12 -> 29.75 | E61: =IF(AND($C$7>=$P$5,$C$7<=$R$5),D61*$C$7*$T$5/100,IF(AND($C$7>=$P$4,$C$7<=$R$4),D61*$C$7*$T$4/100,IF(AND($C$7>=$P$3,$C$7<=$R$3),D61*$C$7*$T$3/100,IF($C$7>=$P$6,D61*$C$7*$T$6/100)))) -> 892.5 | F61: =SUM(F23:F34)/12 -> 21.75 | G61: =IF(AND($C$7>=$P$5,$C$7<=$R$5),F61*$C$7*$T$5/100,IF(AND($C$7>=$P$4,$C$7<=$R$4),F61*$C$7*$T$4/100,IF(AND($C$7>=$P$3,$C$7<=$R$3),F61*$C$7*$T$3/100,IF($C$7>=$P$6,F61*$C$7*$T$6/100)))) -> 652.5 | H61: =SUM(H23:H34)/12 -> 29.958333 | I61: =((5*C61)+E61)/6 -> 898.75 | J61: =SUM(J23:J34)/12 -> 28.785714 | K61: =((5*C61)+E61+G61)/7 -> 863.57143
A62: ø 10-24 | B62: =SUM(B23:B36)/14 -> 26.142857 | C62: =IF(AND($C$7>=$P$5,$C$7<=$R$5),B62*$C$7*$T$5/100,IF(AND($C$7>=$P$4,$C$7<=$R$4),B62*$C$7*$T$4/100,IF(AND($C$7>=$P$3,$C$7<=$R$3),B62*$C$7*$T$3/100,IF($C$7>=$P$6,B62*$C$7*$T$6/100)))) -> 784.28571 | D62: =SUM(D23:D36)/14 -> 25.785714 | E62: =IF(AND($C$7>=$P$5,$C$7<=$R$5),D62*$C$7*$T$5/100,IF(AND($C$7>=$P$4,$C$7<=$R$4),D62*$C$7*$T$4/100,IF(AND($C$7>=$P$3,$C$7<=$R$3),D62*$C$7*$T$3/100,IF($C$7>=$P$6,D62*$C$7*$T$6/100)))) -> 773.57143 | F62: =SUM(F23:F36)/14 -> 18.928571 | G62: =IF(AND($C$7>=$P$5,$C$7<=$R$5),F62*$C$7*$T$5/100,IF(AND($C$7>=$P$4,$C$7<=$R$4),F62*$C$7*$T$4/100,IF(AND($C$7>=$P$3,$C$7<=$R$3),F62*$C$7*$T$3/100,IF($C$7>=$P$6,F62*$C$7*$T$6/100)))) -> 567.85714 | H62: =SUM(H23:H36)/14 -> 26.083333 | I62: =((5*C62)+E62)/6 -> 782.5 | J62: =SUM(J23:J36)/14 -> 25.061224 | K62: =((5*C62)+E62+G62)/7 -> 751.83673
A63: ø 12-24 | B63: =SUM(B25:B36)/12 -> 24.083333 | C63: =IF(AND($C$7>=$P$5,$C$7<=$R$5),B63*$C$7*$T$5/100,IF(AND($C$7>=$P$4,$C$7<=$R$4),B63*$C$7*$T$4/100,IF(AND($C$7>=$P$3,$C$7<=$R$3),B63*$C$7*$T$3/100,IF($C$7>=$P$6,B63*$C$7*$T$6/100)))) -> 722.5 | D63: =SUM(D25:D36)/12 -> 18.75 | E63: =IF(AND($C$7>=$P$5,$C$7<=$R$5),D63*$C$7*$T$5/100,IF(AND($C$7>=$P$4,$C$7<=$R$4),D63*$C$7*$T$4/100,IF(AND($C$7>=$P$3,$C$7<=$R$3),D63*$C$7*$T$3/100,IF($C$7>=$P$6,D63*$C$7*$T$6/100)))) -> 562.5 | F63: =SUM(F25:F36)/12 -> 14.5 | G63: =IF(AND($C$7>=$P$5,$C$7<=$R$5),F63*$C$7*$T$5/100,IF(AND($C$7>=$P$4,$C$7<=$R$4),F63*$C$7*$T$4/100,IF(AND($C$7>=$P$3,$C$7<=$R$3),F63*$C$7*$T$3/100,IF($C$7>=$P$6,F63*$C$7*$T$6/100)))) -> 435 | H63: =SUM(H25:H36)/12 -> 23.194444 | I63: =((5*C63)+E63)/6 -> 695.83333 | J63: =SUM(J25:J36)/12 -> 21.952381 | K63: =((5*C63)+E63+G63)/7 -> 658.57143
A64: ø 14-19 | B64: =SUM(B27:B31)/5 -> 36.4 | C64: =IF(AND($C$7>=$P$5,$C$7<=$R$5),B64*$C$7*$T$5/100,IF(AND($C$7>=$P$4,$C$7<=$R$4),B64*$C$7*$T$4/100,IF(AND($C$7>=$P$3,$C$7<=$R$3),B64*$C$7*$T$3/100,IF($C$7>=$P$6,B64*$C$7*$T$6/100)))) -> 1092 | D64: =SUM(D27:D31)/5 -> 24.8 | E64: =IF(AND($C$7>=$P$5,$C$7<=$R$5),D64*$C$7*$T$5/100,IF(AND($C$7>=$P$4,$C$7<=$R$4),D64*$C$7*$T$4/100,IF(AND($C$7>=$P$3,$C$7<=$R$3),D64*$C$7*$T$3/100,IF($C$7>=$P$6,D64*$C$7*$T$6/100)))) -> 744 | F64: =SUM(F27:F31)/5 -> 20.2 | G64: =IF(AND($C$7>=$P$5,$C$7<=$R$5),F64*$C$7*$T$5/100,IF(AND($C$7>=$P$4,$C$7<=$R$4),F64*$C$7*$T$4/100,IF(AND($C$7>=$P$3,$C$7<=$R$3),F64*$C$7*$T$3/100,IF($C$7>=$P$6,F64*$C$7*$T$6/100)))) -> 606 | H64: =SUM(H27:H31)/5 -> 34.466667 | I64: =((5*C64)+E64)/6 -> 1034 | J64: =SUM(J27:J31)/5 -> 32.428571 | K64: =((5*C64)+E64+G64)/7 -> 972.85714
A65: ø 14-20 | B65: =SUM(B27:B32)/6 -> 32.833333 | C65: =IF(AND($C$7>=$P$5,$C$7<=$R$5),B65*$C$7*$T$5/100,IF(AND($C$7>=$P$4,$C$7<=$R$4),B65*$C$7*$T$4/100,IF(AND($C$7>=$P$3,$C$7<=$R$3),B65*$C$7*$T$3/100,IF($C$7>=$P$6,B65*$C$7*$T$6/100)))) -> 985 | D65: =SUM(D27:D32)/6 -> 22.333333 | E65: =IF(AND($C$7>=$P$5,$C$7<=$R$5),D65*$C$7*$T$5/100,IF(AND($C$7>=$P$4,$C$7<=$R$4),D65*$C$7*$T$4/100,IF(AND($C$7>=$P$3,$C$7<=$R$3),D65*$C$7*$T$3/100,IF($C$7>=$P$6,D65*$C$7*$T$6/100)))) -> 670 | F65: =SUM(F27:F32)/6 -> 17.833333 | G65: =IF(AND($C$7>=$P$5,$C$7<=$R$5),F65*$C$7*$T$5/100,IF(AND($C$7>=$P$4,$C$7<=$R$4),F65*$C$7*$T$4/100,IF(AND($C$7>=$P$3,$C$7<=$R$3),F65*$C$7*$T$3/100,IF($C$7>=$P$6,F65*$C$7*$T$6/100)))) -> 535 | H65: =SUM(H27:H32)/6 -> 31.083333 | I65: =((5*C65)+E65)/6 -> 932.5 | J65: =SUM(J27:J32)/6 -> 29.190476 | K65: =((5*C65)+E65+G65)/7 -> 875.71429
A66: ø 14-22 | B66: =SUM(B27:B34)/8 -> 26.375 | C66: =IF(AND($C$7>=$P$5,$C$7<=$R$5),B66*$C$7*$T$5/100,IF(AND($C$7>=$P$4,$C$7<=$R$4),B66*$C$7*$T$4/100,IF(AND($C$7>=$P$3,$C$7<=$R$3),B66*$C$7*$T$3/100,IF($C$7>=$P$6,B66*$C$7*$T$6/100)))) -> 791.25 | D66: =SUM(D27:D34)/8 -> 17.625 | E66: =IF(AND($C$7>=$P$5,$C$7<=$R$5),D66*$C$7*$T$5/100,IF(AND($C$7>=$P$4,$C$7<=$R$4),D66*$C$7*$T$4/100,IF(AND($C$7>=$P$3,$C$7<=$R$3),D66*$C$7*$T$3/100,IF($C$7>=$P$6,D66*$C$7*$T$6/100)))) -> 528.75 | F66: =SUM(F27:F34)/8 -> 14.125 | G66: =IF(AND($C$7>=$P$5,$C$7<=$R$5),F66*$C$7*$T$5/100,IF(AND($C$7>=$P$4,$C$7<=$R$4),F66*$C$7*$T$4/100,IF(AND($C$7>=$P$3,$C$7<=$R$3),F66*$C$7*$T$3/100,IF($C$7>=$P$6,F66*$C$7*$T$6/100)))) -> 423.75 | H66: =SUM(H27:H34)/8 -> 24.916667 | I66: =((5*C66)+E66)/6 -> 747.5 | J66: =SUM(J27:J34)/8 -> 23.375 | K66: =((5*C66)+E66+G66)/7 -> 701.25
A67: ø 14-24 | B67: =SUM(B27:B36)/10 -> 21.7 | C67: =IF(AND($C$7>=$P$5,$C$7<=$R$5),B67*$C$7*$T$5/100,IF(AND($C$7>=$P$4,$C$7<=$R$4),B67*$C$7*$T$4/100,IF(AND($C$7>=$P$3,$C$7<=$R$3),B67*$C$7*$T$3/100,IF($C$7>=$P$6,B67*$C$7*$T$6/100)))) -> 651 | D67: =SUM(D27:D36)/10 -> 14.5 | E67: =IF(AND($C$7>=$P$5,$C$7<=$R$5),D67*$C$7*$T$5/100,IF(AND($C$7>=$P$4,$C$7<=$R$4),D67*$C$7*$T$4/100,IF(AND($C$7>=$P$3,$C$7<=$R$3),D67*$C$7*$T$3/100,IF($C$7>=$P$6,D67*$C$7*$T$6/100)))) -> 435 | F67: =SUM(F27:F36)/10 -> 11.7 | G67: =IF(AND($C$7>=$P$5,$C$7<=$R$5),F67*$C$7*$T$5/100,IF(AND($C$7>=$P$4,$C$7<=$R$4),F67*$C$7*$T$4/100,IF(AND($C$7>=$P$3,$C$7<=$R$3),F67*$C$7*$T$3/100,IF($C$7>=$P$6,F67*$C$7*$T$6/100)))) -> 351 | H67: =SUM(H27:H36)/10 -> 20.5 | I67: =((5*C67)+E67)/6 -> 615 | J67: =SUM(J27:J36)/10 -> 19.242857 | K67: =((5*C67)+E67+G67)/7 -> 577.28571
A68: ø 15-21 | B68: =SUM(B28:B33)/6 -> 28.333333 | C68: =IF(AND($C$7>=$P$5,$C$7<=$R$5),B68*$C$7*$T$5/100,IF(AND($C$7>=$P$4,$C$7<=$R$4),B68*$C$7*$T$4/100,IF(AND($C$7>=$P$3,$C$7<=$R$3),B68*$C$7*$T$3/100,IF($C$7>=$P$6,B68*$C$7*$T$6/100)))) -> 850 | D68: =SUM(D28:D33)/6 -> 17.666667 | E68: =IF(AND($C$7>=$P$5,$C$7<=$R$5),D68*$C$7*$T$5/100,IF(AND($C$7>=$P$4,$C$7<=$R$4),D68*$C$7*$T$4/100,IF(AND($C$7>=$P$3,$C$7<=$R$3),D68*$C$7*$T$3/100,IF($C$7>=$P$6,D68*$C$7*$T$6/100)))) -> 530 | F68: =SUM(F28:F33)/6 -> 14.166667 | G68: =IF(AND($C$7>=$P$5,$C$7<=$R$5),F68*$C$7*$T$5/100,IF(AND($C$7>=$P$4,$C$7<=$R$4),F68*$C$7*$T$4/100,IF(AND($C$7>=$P$3,$C$7<=$R$3),F68*$C$7*$T$3/100,IF($C$7>=$P$6,F68*$C$7*$T$6/100)))) -> 425 | H68: =SUM(H28:H33)/6 -> 26.555556 | I68: =((5*C68)+E68)/6 -> 796.66667 | J68: =SUM(J28:J33)/6 -> 24.785714 | K68: =((5*C68)+E68+G68)/7 -> 743.57143
A69: ø 15-22 | B69: =SUM(B28:B34)/7 -> 25.142857 | C69: =IF(AND($C$7>=$P$5,$C$7<=$R$5),B69*$C$7*$T$5/100,IF(AND($C$7>=$P$4,$C$7<=$R$4),B69*$C$7*$T$4/100,IF(AND($C$7>=$P$3,$C$7<=$R$3),B69*$C$7*$T$3/100,IF($C$7>=$P$6,B69*$C$7*$T$6/100)))) -> 754.28571 | D69: =SUM(D28:D34)/7 -> 15.571429 | E69: =IF(AND($C$7>=$P$5,$C$7<=$R$5),D69*$C$7*$T$5/100,IF(AND($C$7>=$P$4,$C$7<=$R$4),D69*$C$7*$T$4/100,IF(AND($C$7>=$P$3,$C$7<=$R$3),D69*$C$7*$T$3/100,IF($C$7>=$P$6,D69*$C$7*$T$6/100)))) -> 467.14286 | F69: =SUM(F28:F34)/7 -> 12.571429 | G69: =IF(AND($C$7>=$P$5,$C$7<=$R$5),F69*$C$7*$T$5/100,IF(AND($C$7>=$P$4,$C$7<=$R$4),F69*$C$7*$T$4/100,IF(AND($C$7>=$P$3,$C$7<=$R$3),F69*$C$7*$T$3/100,IF($C$7>=$P$6,F69*$C$7*$T$6/100)))) -> 377.14286 | H69: =SUM(H28:H34)/7 -> 23.547619 | I69: =((5*C69)+E69)/6 -> 706.42857 | J69: =SUM(J28:J34)/7 -> 21.979592 | K69: =((5*C69)+E69+G69)/7 -> 659.38776
